brand,model,top_speed_kmh,battery_capacity_kWh,battery_type,number_of_cells,torque_nm,efficiency_wh_per_km,range_km,acceleration_0_100_s,fast_charging_power_kw_dc,fast_charge_port,towing_capacity_kg,cargo_volume_l,seats,drivetrain,segment,length_mm,width_mm,height_mm,car_body_type,source_url
abarth,500e convertible,155,37.8,lithium-ion,192,235.0,156,225,7.0,67.0,ccs,0.0,185.0,4,fwd,b - compact,3673,1683,1518,hatchback,https://ev-database.org/car/1904/Abarth-500e-Convertible
abarth,500e hatchback,155,37.8,lithium-ion,192,235.0,149,225,7.0,67.0,ccs,0.0,185.0,4,fwd,b - compact,3673,1683,1518,hatchback,https://ev-database.org/car/1903/Abarth-500e-Hatchback
abarth,600e scorpionissima,200,50.8,lithium-ion,102,345.0,158,280,5.9,79.0,ccs,0.0,360.0,5,fwd,jb - compact,4187,1779,1557,suv,https://ev-database.org/car/3057/Abarth-600e-Scorpionissima
abarth,600e turismo,200,50.8,lithium-ion,102,345.0,158,280,6.2,79.0,ccs,0.0,360.0,5,fwd,jb - compact,4187,1779,1557,suv,https://ev-database.org/car/3056/Abarth-600e-Turismo
aiways,u5,150,60.0,lithium-ion,487,310.0,156,315,7.5,78.0,ccs,1054.5942350332593,496.0,5,fwd,jc - medium,4680,1865,1700,suv,https://ev-database.org/car/1678/Aiways-U5
aiways,u6,160,60.0,lithium-ion,487,315.0,150,350,7.0,78.0,ccs,1054.5942350332593,472.0,5,fwd,jc - medium,4805,1880,1641,suv,https://ev-database.org/car/1766/Aiways-U6
alfa,romeo junior elettrica 54 kwh,150,50.8,lithium-ion,102,260.0,128,320,9.0,85.0,ccs,0.0,400.0,5,fwd,jb - compact,4173,1781,1532,suv,https://ev-database.org/car/2184/Alfa-Romeo-Junior-Elettrica-54-kWh
alfa,romeo junior elettrica 54 kwh veloce,200,50.8,lithium-ion,102,345.0,164,310,6.0,85.0,ccs,0.0,400.0,5,fwd,jb - compact,4173,1781,1505,suv,https://ev-database.org/car/2185/Alfa-Romeo-Junior-Elettrica-54-kWh-Veloce
alpine,a290 electric 180 hp,160,52.0,lithium-ion,184,285.0,138,310,7.4,70.0,ccs,500.0,326.0,5,fwd,b - compact,3997,1823,1512,hatchback,https://ev-database.org/car/2268/Alpine-A290-Electric-180-hp
alpine,a290 electric 220 hp,170,52.0,lithium-ion,184,300.0,144,305,6.4,70.0,ccs,500.0,326.0,5,fwd,b - compact,3997,1823,1512,hatchback,https://ev-database.org/car/2269/Alpine-A290-Electric-220-hp
audi,a6 avant e-tron,210,75.8,lithium-ion,150,435.0,146,465,6.0,150.0,ccs,2100.0,502.0,5,rwd,je - executive,4928,1923,1455,station/estate,https://ev-database.org/car/3055/Audi-A6-Avant-e-tron
audi,a6 avant e-tron performance,210,94.9,lithium-ion,180,565.0,151,575,5.4,200.0,ccs,2100.0,502.0,5,rwd,je - executive,4928,1923,1455,station/estate,https://ev-database.org/car/2272/Audi-A6-Avant-e-tron-performance
audi,a6 avant e-tron quattro,210,94.9,lithium-ion,180,855.0,157,560,4.5,200.0,ccs,2100.0,502.0,5,awd,je - executive,4928,1923,1455,station/estate,https://ev-database.org/car/3054/Audi-A6-Avant-e-tron-quattro
audi,a6 sportback e-tron,210,75.8,lithium-ion,150,435.0,136,495,6.0,150.0,ccs,2100.0,502.0,5,rwd,je - executive,4928,1923,1455,liftback sedan,https://ev-database.org/car/3053/Audi-A6-Sportback-e-tron
audi,a6 sportback e-tron performance,210,94.9,lithium-ion,180,565.0,141,610,5.4,200.0,ccs,2100.0,502.0,5,rwd,je - executive,4928,1923,1455,liftback sedan,https://ev-database.org/car/2270/Audi-A6-Sportback-e-tron-performance
audi,a6 sportback e-tron quattro,210,94.9,lithium-ion,180,855.0,147,590,4.7,200.0,ccs,2100.0,502.0,5,awd,je - executive,4928,1923,1455,liftback sedan,https://ev-database.org/car/3052/Audi-A6-Sportback-e-tron-quattro
audi,q4 sportback e-tron 40,160,59.0,lithium-ion,216,310.0,156,340,8.1,110.0,ccs,1000.0,520.0,5,rwd,jc - medium,4588,1865,1614,suv,https://ev-database.org/car/3149/Audi-Q4-Sportback-e-tron-40
audi,q4 sportback e-tron 45,180,77.0,lithium-ion,288,545.0,162,435,6.7,120.0,ccs,1000.0,535.0,5,rwd,jc - medium,4588,1865,1614,suv,https://ev-database.org/car/2016/Audi-Q4-Sportback-e-tron-45
audi,q4 sportback e-tron 45 quattro,180,77.0,lithium-ion,288,679.0,165,410,6.6,120.0,ccs,1200.0,535.0,5,awd,jc - medium,4588,1865,1614,suv,https://ev-database.org/car/2017/Audi-Q4-Sportback-e-tron-45-quattro
audi,q4 sportback e-tron 55 quattro,180,77.0,lithium-ion,288,679.0,165,415,5.4,120.0,ccs,1200.0,535.0,5,awd,jc - medium,4588,1865,1614,suv,https://ev-database.org/car/2018/Audi-Q4-Sportback-e-tron-55-quattro
audi,q4 e-tron 40,160,59.0,lithium-ion,216,310.0,159,325,8.1,110.0,ccs,1000.0,520.0,5,rwd,jc - medium,4588,1865,1632,suv,https://ev-database.org/car/3148/Audi-Q4-e-tron-40
audi,q4 e-tron 45,180,77.0,lithium-ion,288,545.0,169,420,6.7,120.0,ccs,1000.0,520.0,5,rwd,jc - medium,4588,1865,1632,suv,https://ev-database.org/car/2013/Audi-Q4-e-tron-45
audi,q4 e-tron 45 quattro,180,77.0,lithium-ion,288,679.0,171,395,6.6,120.0,ccs,1200.0,520.0,5,awd,jc - medium,4588,1865,1632,suv,https://ev-database.org/car/2014/Audi-Q4-e-tron-45-quattro
audi,q4 e-tron 55 quattro,180,77.0,lithium-ion,288,679.0,171,395,5.4,120.0,ccs,1200.0,520.0,5,awd,jc - medium,4588,1865,1632,suv,https://ev-database.org/car/2015/Audi-Q4-e-tron-55-quattro
audi,q6 e-tron,210,75.8,lithium-ion,150,450.0,166,395,7.0,150.0,ccs,2000.0,526.0,5,rwd,jd - large,4771,1939,1685,suv,https://ev-database.org/car/2281/Audi-Q6-e-tron
audi,q6 e-tron sportback,210,75.8,lithium-ion,150,450.0,139,410,7.0,150.0,ccs,2000.0,511.0,5,rwd,jd - large,4771,1939,1665,suv,https://ev-database.org/car/3041/Audi-Q6-e-tron-Sportback
audi,q6 e-tron sportback performance,210,94.9,lithium-ion,180,485.0,145,510,6.6,190.0,ccs,2000.0,511.0,5,rwd,jd - large,4771,1939,1665,suv,https://ev-database.org/car/3042/Audi-Q6-e-tron-Sportback-performance
audi,q6 e-tron sportback quattro,210,94.9,lithium-ion,180,855.0,149,500,5.9,200.0,ccs,2400.0,511.0,5,awd,jd - large,4771,1939,1665,suv,https://ev-database.org/car/3043/Audi-Q6-e-tron-Sportback-quattro
audi,q6 e-tron performance,210,94.9,lithium-ion,180,485.0,171,490,6.6,190.0,ccs,2000.0,526.0,5,rwd,jd - large,4771,1939,1685,suv,https://ev-database.org/car/2215/Audi-Q6-e-tron-performance
audi,q6 e-tron quattro,210,94.9,lithium-ion,180,855.0,176,480,5.9,200.0,ccs,2400.0,10.0,5,awd,jd - large,4771,1939,1685,suv,https://ev-database.org/car/2146/Audi-Q6-e-tron-quattro
audi,s6 avant e-tron,240,94.9,lithium-ion,180,855.0,156,530,3.9,200.0,ccs,2100.0,502.0,5,awd,je - executive,4928,1923,1493,station/estate,https://ev-database.org/car/2273/Audi-S6-Avant-e-tron
audi,s6 sportback e-tron,240,94.9,lithium-ion,180,855.0,149,555,3.9,200.0,ccs,2100.0,502.0,5,awd,je - executive,4928,1923,1465,liftback sedan,https://ev-database.org/car/2271/Audi-S6-Sportback-e-tron
audi,sq6 e-tron,230,94.9,lithium-ion,180,855.0,169,470,4.3,200.0,ccs,2400.0,514.0,5,awd,jd - large,4771,1965,1685,suv,https://ev-database.org/car/2147/Audi-SQ6-e-tron
audi,sq6 e-tron sportback,230,94.9,lithium-ion,180,855.0,164,495,4.3,200.0,ccs,2400.0,511.0,5,awd,jd - large,4771,1965,1665,suv,https://ev-database.org/car/3044/Audi-SQ6-e-tron-Sportback
audi,e-tron gt rs,250,97.0,lithium-ion,396,865.0,184,525,2.8,281.0,ccs,0.0,350.0,4,awd,f - luxury,4997,1964,1389,sedan,https://ev-database.org/car/2220/Audi-e-tron-GT-RS
audi,e-tron gt rs performance,250,97.0,lithium-ion,396,1027.0,182,525,2.5,281.0,ccs,0.0,350.0,4,awd,f - luxury,4997,1964,1389,sedan,https://ev-database.org/car/2221/Audi-e-tron-GT-RS-performance
audi,e-tron gt s,245,97.0,lithium-ion,396,740.0,172,540,3.4,281.0,ccs,0.0,405.0,4,awd,f - luxury,5004,1964,1394,sedan,https://ev-database.org/car/2219/Audi-e-tron-GT-S
audi,e-tron gt quattro,245,97.0,lithium-ion,396,625.0,169,540,4.0,281.0,ccs,0.0,405.0,4,awd,f - luxury,5004,1964,1394,sedan,https://ev-database.org/car/3182/Audi-e-tron-GT-quattro
bmw,i4 m50,225,81.3,lithium-ion,487,795.0,197,450,3.9,131.0,ccs,1600.0,470.0,5,awd,d - large,4783,1852,1448,liftback sedan,https://ev-database.org/car/2201/BMW-i4-M50
bmw,i4 edrive35,190,67.1,lithium-ion,487,400.0,174,430,6.0,95.0,ccs,1600.0,470.0,5,rwd,d - large,4783,1852,1448,liftback sedan,https://ev-database.org/car/2198/BMW-i4-eDrive35
bmw,i4 edrive40,190,81.3,lithium-ion,487,430.0,174,515,5.6,131.0,ccs,1600.0,470.0,5,rwd,d - large,4783,1852,1448,liftback sedan,https://ev-database.org/car/2199/BMW-i4-eDrive40
bmw,i4 xdrive40,200,81.3,lithium-ion,487,600.0,183,490,5.1,131.0,ccs,1600.0,470.0,5,awd,d - large,4783,1852,1448,liftback sedan,https://ev-database.org/car/2200/BMW-i4-xDrive40
bmw,i5 m60 xdrive sedan (my25),230,81.2,lithium-ion,487,795.0,172,430,3.8,136.0,ccs,2000.0,490.0,5,awd,e - executive,5060,1900,1505,sedan,https://ev-database.org/car/3114/BMW-i5-M60-xDrive-Sedan
bmw,i5 m60 xdrive touring (my25),230,81.2,lithium-ion,487,795.0,179,425,3.9,136.0,ccs,2000.0,570.0,5,awd,e - executive,5060,1900,1505,station/estate,https://ev-database.org/car/3117/BMW-i5-M60-xDrive-Touring
bmw,i5 edrive40 sedan (my25),193,81.2,lithium-ion,487,400.0,159,480,6.0,136.0,ccs,1500.0,490.0,5,rwd,e - executive,5060,1900,1515,sedan,https://ev-database.org/car/3112/BMW-i5-eDrive40-Sedan
bmw,i5 edrive40 touring (my25),193,81.2,lithium-ion,487,400.0,165,465,6.1,136.0,ccs,1500.0,570.0,5,rwd,e - executive,5060,1900,1515,station/estate,https://ev-database.org/car/3115/BMW-i5-eDrive40-Touring
bmw,i5 xdrive40 sedan (my25),215,81.2,lithium-ion,487,590.0,167,465,5.4,136.0,ccs,2000.0,490.0,5,awd,e - executive,5060,1900,1515,sedan,https://ev-database.org/car/3113/BMW-i5-xDrive40-Sedan
bmw,i5 xdrive40 touring (my25),215,81.2,lithium-ion,487,590.0,174,450,5.5,136.0,ccs,2000.0,570.0,5,awd,e - executive,5060,1900,1515,station/estate,https://ev-database.org/car/3116/BMW-i5-xDrive40-Touring
bmw,i7 m70 xdrive,250,101.7,lithium-ion,487,1100.0,208,490,3.7,159.0,ccs,0.0,500.0,5,awd,f - luxury,5391,1950,1544,sedan,https://ev-database.org/car/1838/BMW-i7-M70-xDrive
bmw,i7 edrive50,205,101.7,lithium-ion,487,650.0,177,520,5.5,159.0,ccs,0.0,500.0,5,rwd,f - luxury,5391,1950,1544,sedan,https://ev-database.org/car/1905/BMW-i7-eDrive50
bmw,i7 xdrive60,240,101.7,lithium-ion,487,745.0,172,510,4.7,159.0,ccs,2000.0,500.0,5,awd,f - luxury,5391,1950,1544,sedan,https://ev-database.org/car/1676/BMW-i7-xDrive60
bmw,ix m70 xdrive,250,108.9,lithium-ion,487,1015.0,209,500,3.8,150.0,ccs,2500.0,500.0,5,awd,je - executive,4965,1970,1695,suv,https://ev-database.org/car/3111/BMW-iX-M70-xDrive
bmw,ix xdrive45,200,94.8,lithium-ion,487,700.0,193,470,5.1,115.0,ccs,2500.0,500.0,5,awd,je - executive,4965,1970,1695,suv,https://ev-database.org/car/3109/BMW-iX-xDrive45
bmw,ix xdrive60,200,109.1,lithium-ion,487,765.0,194,525,4.6,150.0,ccs,2500.0,500.0,5,awd,je - executive,4965,1970,1695,suv,https://ev-database.org/car/3110/BMW-iX-xDrive60
bmw,ix1 edrive20,170,64.7,lithium-ion,487,247.0,150,390,8.3,94.0,ccs,750.0,490.0,5,fwd,jc - medium,4500,1845,1616,suv,https://ev-database.org/car/1996/BMW-iX1-eDrive20
bmw,ix1 xdrive30,180,64.7,lithium-ion,487,494.0,155,380,5.6,94.0,ccs,1200.0,490.0,5,awd,jc - medium,4500,1845,1616,suv,https://ev-database.org/car/1701/BMW-iX1-xDrive30
bmw,ix2 edrive20,170,64.7,lithium-ion,487,247.0,147,395,8.6,94.0,ccs,750.0,525.0,5,fwd,jc - medium,4554,1845,1560,suv,https://ev-database.org/car/2097/BMW-iX2-eDrive20
bmw,ix2 xdrive30,180,64.7,lithium-ion,487,494.0,155,385,5.6,94.0,ccs,1200.0,525.0,5,awd,jc - medium,4554,1845,1560,suv,https://ev-database.org/car/2040/BMW-iX2-xDrive30
byd,atto 2,160,45.1,lithium-ion,487,290.0,145,245,7.9,51.0,ccs,750.0,400.0,5,fwd,jb - compact,4310,1830,1675,suv,https://ev-database.org/car/3125/BYD-ATTO-2
byd,atto 3 (my25),160,60.5,lithium-ion,126,310.0,144,340,7.3,75.0,ccs,750.0,440.0,5,fwd,jc - medium,4455,1875,1615,suv,https://ev-database.org/car/3192/BYD-ATTO-3
byd,dolphin 44.9 kwh active,150,44.9,lithium-ion,104,180.0,132,265,12.3,50.0,ccs,0.0,345.0,5,fwd,c - medium,4290,1770,1570,hatchback,https://ev-database.org/car/1917/BYD-DOLPHIN-449-kWh-Active
byd,dolphin 44.9 kwh boost,160,44.9,lithium-ion,104,498.6468085106383,145,260,8.0,50.0,ccs,0.0,345.0,5,fwd,c - medium,4290,1770,1570,hatchback,https://ev-database.org/car/1918/BYD-DOLPHIN-449-kWh-Boost
byd,dolphin 60.4 kwh,160,60.5,lithium-ion,126,310.0,142,350,7.0,65.0,ccs,0.0,345.0,5,fwd,c - medium,4290,1770,1570,hatchback,https://ev-database.org/car/1919/BYD-DOLPHIN-604-kWh
byd,dolphin surf 30 kwh active,150,30.0,lithium-ion,94,175.0,136,190,11.1,45.0,ccs,0.0,308.0,4,fwd,b - compact,3990,1720,1590,hatchback,https://ev-database.org/car/3193/BYD-DOLPHIN-SURF-30-kWh-Active
byd,dolphin surf 43.2 kwh boost,150,43.2,lithium-ion,90,175.0,134,270,12.1,60.0,ccs,0.0,308.0,4,fwd,b - compact,3990,1720,1590,hatchback,https://ev-database.org/car/3194/BYD-DOLPHIN-SURF-432-kWh-Boost
byd,dolphin surf 43.2 kwh comfort,150,43.2,lithium-ion,90,220.0,139,265,9.1,60.0,ccs,0.0,308.0,4,fwd,b - compact,3990,1720,1590,hatchback,https://ev-database.org/car/3195/BYD-DOLPHIN-SURF-432-kWh-Comfort
byd,seal 61.4 kwh rwd comfort,220,61.4,lithium-ion,128,380.0,133,365,7.5,75.0,ccs,750.0,400.0,5,rwd,d - large,4800,1875,1460,sedan,https://ev-database.org/car/3102/BYD-SEAL-614-kWh-RWD-Comfort
byd,seal 82.5 kwh awd excellence,180,82.5,lithium-ion,172,670.0,159,445,3.8,100.0,ccs,1500.0,400.0,5,awd,d - large,4800,1875,1460,sedan,https://ev-database.org/car/2002/BYD-SEAL-825-kWh-AWD-Excellence
byd,seal 82.5 kwh rwd design,180,82.5,lithium-ion,172,360.0,145,480,5.9,100.0,ccs,750.0,400.0,5,rwd,d - large,4800,1875,1460,sedan,https://ev-database.org/car/2001/BYD-SEAL-825-kWh-RWD-Design
byd,seal u 71.8 kwh comfort,175,71.8,lithium-ion,132,310.0,171,360,9.3,72.0,ccs,1300.0,552.0,5,fwd,jd - large,4785,1890,1668,suv,https://ev-database.org/car/2094/BYD-SEAL-U-718-kWh-Comfort
byd,seal u 87 kwh design,175,87.0,lithium-ion,160,330.0,174,425,9.6,85.0,ccs,1300.0,552.0,5,fwd,jd - large,4785,1890,1668,suv,https://ev-database.org/car/2067/BYD-SEAL-U-87-kWh-Design
byd,sealion 7 82.5 kwh awd design,215,82.5,lithium-ion,172,690.0,181,400,4.5,115.0,ccs,1500.0,520.0,5,awd,jd - large,4830,1925,1620,suv,https://ev-database.org/car/3071/BYD-SEALION-7-825-kWh-AWD-Design
byd,sealion 7 82.5 kwh rwd comfort,215,82.5,lithium-ion,172,380.0,171,415,6.7,115.0,ccs,750.0,520.0,5,rwd,jd - large,4830,1925,1620,suv,https://ev-database.org/car/3070/BYD-SEALION-7-825-kWh-RWD-Comfort
byd,sealion 7 91.3 kwh awd excellence,215,91.3,lithium-ion,487,690.0,182,430,4.5,165.0,ccs,1500.0,520.0,5,awd,jd - large,4830,1925,1620,suv,https://ev-database.org/car/3072/BYD-SEALION-7-913-kWh-AWD-Excellence
byd,tang flagship,190,108.8,lithium-ion,487,700.0,205,460,4.9,100.0,ccs,1500.0,235.0,7,awd,je - executive,4970,1955,1745,suv,https://ev-database.org/car/2095/BYD-TANG-Flagship
cupra,born 170 kw - 59 kwh,160,59.0,lithium-ion,216,310.0,156,360,6.7,110.0,ccs,0.0,385.0,5,rwd,c - medium,4322,1809,1540,hatchback,https://ev-database.org/car/2233/CUPRA-Born-170-kW---59-kWh
cupra,born 170 kw - 77 kwh,160,77.0,lithium-ion,288,310.0,157,460,7.0,125.0,ccs,0.0,385.0,5,rwd,c - medium,4322,1809,1540,hatchback,https://ev-database.org/car/2234/CUPRA-Born-170-kW---77-kWh
cupra,born vz,200,79.0,lithium-ion,288,545.0,149,465,5.6,135.0,ccs,0.0,385.0,5,rwd,c - medium,4322,1809,1538,hatchback,https://ev-database.org/car/2128/CUPRA-Born-VZ
cupra,tavascan endurance,180,77.0,lithium-ion,288,545.0,142,445,6.8,120.0,ccs,1000.0,540.0,5,rwd,jc - medium,4644,1861,1597,suv,https://ev-database.org/car/1971/CUPRA-Tavascan-Endurance
cupra,tavascan vz,180,77.0,lithium-ion,288,545.0,150,425,5.5,120.0,ccs,1200.0,540.0,5,awd,jc - medium,4644,1861,1597,suv,https://ev-database.org/car/1972/CUPRA-Tavascan-VZ
cadillac,lyriq 600 e4,210,102.0,lithium-ion,288,610.0,192,460,5.3,165.0,ccs,1587.0,793.0,5,awd,jf - luxury,5005,1977,1623,suv,https://ev-database.org/car/2243/Cadillac-Lyriq-600-E4
citroen,e-berlingo m 50 kwh,132,50.0,lithium-ion,487,260.0,149,235,11.7,80.0,ccs,750.0,775.0,5,fwd,n - passenger van,4403,1921,1803,small passenger van,https://ev-database.org/car/2159/Citroen-e-Berlingo-M-50-kWh
citroen,e-berlingo xl 50 kwh,132,50.0,lithium-ion,487,260.0,149,230,11.7,80.0,ccs,750.0,1050.0,7,fwd,n - passenger van,4753,1921,1814,small passenger van,https://ev-database.org/car/2160/Citroen-e-Berlingo-XL-50-kWh
citroen,e-c3,135,44.0,lithium-ion,487,120.0,135,255,11.5,60.0,ccs,550.0,310.0,5,fwd,b - compact,4015,1755,1577,hatchback,https://ev-database.org/car/2039/Citroen-e-C3
citroen,e-c3 aircross,145,44.0,lithium-ion,487,125.0,144,240,12.9,60.0,ccs,350.0,460.0,5,fwd,jb - compact,4395,1795,1660,suv,https://ev-database.org/car/2224/Citroen-e-C3-Aircross
citroen,e-c4,150,46.3,lithium-ion,216,260.0,135,285,9.9,78.0,ccs,0.0,380.0,5,fwd,c - medium,4360,1834,1525,hatchback,https://ev-database.org/car/3047/Citroen-e-C4
citroen,e-c4 54 kwh,150,50.8,lithium-ion,102,260.0,122,325,9.1,78.0,ccs,0.0,380.0,5,fwd,c - medium,4360,1834,1525,hatchback,https://ev-database.org/car/3048/Citroen-e-C4-54-kWh
citroen,e-c4 x,150,46.3,lithium-ion,216,260.0,132,290,9.9,78.0,ccs,0.0,510.0,5,fwd,c - medium,4600,1834,1525,sedan,https://ev-database.org/car/3049/Citroen-e-C4-X
citroen,e-c4 x 54 kwh,150,50.8,lithium-ion,102,260.0,119,335,9.1,78.0,ccs,0.0,510.0,5,fwd,c - medium,4600,1834,1525,sedan,https://ev-database.org/car/3050/Citroen-e-C4-X-54-kWh
citroen,e-spacetourer m 50 kwh,130,46.3,lithium-ion,216,220.0,217,180,13.3,78.0,ccs,1000.0,603.0,9,fwd,n - passenger van,4983,1920,1890,small passenger van,https://ev-database.org/car/2252/Citroen-e-SpaceTourer-M-50-kWh
citroen,e-spacetourer m 75 kwh,130,68.0,lithium-ion,324,220.0,202,260,14.2,79.0,ccs,1000.0,603.0,9,fwd,n - passenger van,4983,1920,1890,small passenger van,https://ev-database.org/car/2254/Citroen-e-SpaceTourer-M-75-kWh
citroen,e-spacetourer xl 50 kwh,130,46.3,lithium-ion,216,220.0,219,180,13.3,78.0,ccs,1000.0,989.0,9,fwd,n - passenger van,5333,1920,1890,small passenger van,https://ev-database.org/car/2253/Citroen-e-SpaceTourer-XL-50-kWh
citroen,e-spacetourer xl 75 kwh,130,68.0,lithium-ion,324,220.0,204,260,14.2,79.0,ccs,1000.0,989.0,9,fwd,n - passenger van,5333,1920,1890,small passenger van,https://ev-database.org/car/2255/Citroen-e-SpaceTourer-XL-75-kWh
ds,3 e-tense,150,50.8,lithium-ion,102,260.0,128,300,9.0,85.0,ccs,0.0,350.0,5,fwd,jb - compact,4118,1802,1534,suv,https://ev-database.org/car/1791/DS-3-E-Tense
ds,n째4 e-tense,160,58.3,lithium-ion,487,345.0,130,375,7.1,70.0,ccs,0.0,390.0,5,fwd,jc - medium,4400,1866,1470,hatchback,https://ev-database.org/car/3200/DS-N4-E-Tense
ds,n째8 awd long range,190,97.2,lithium-ion,487,511.0,146,530,5.4,130.0,ccs,1400.0,620.0,5,awd,jd - large,4834,1920,1574,suv,https://ev-database.org/car/3078/DS-N8-AWD-Long-Range
ds,n째8 fwd,190,73.7,lithium-ion,487,345.0,141,415,7.7,100.0,ccs,1260.0,620.0,5,fwd,jd - large,4834,1920,1574,suv,https://ev-database.org/car/3076/DS-N8-FWD
ds,n째8 fwd long range,190,97.2,lithium-ion,487,345.0,136,545,7.8,130.0,ccs,1200.0,620.0,5,fwd,jd - large,4834,1920,1574,suv,https://ev-database.org/car/3077/DS-N8-FWD-Long-Range
dacia,spring electric 45,125,25.0,lithium-ion,72,125.0,109,165,19.1,29.0,ccs,0.0,308.0,4,fwd,a - mini,3700,1622,1516,hatchback,https://ev-database.org/car/2126/Dacia-Spring-Electric-45
dacia,spring electric 65,125,25.0,lithium-ion,72,113.0,114,160,13.7,29.0,ccs,0.0,308.0,4,fwd,a - mini,3700,1622,1516,hatchback,https://ev-database.org/car/2127/Dacia-Spring-Electric-65
dongfeng,box 31.4 kwh,140,29.0,lithium-ion,487,160.0,126,190,12.5,50.0,ccs,1054.5942350332593,326.0,5,fwd,b - compact,4020,1810,1570,hatchback,https://ev-database.org/car/3035/Dongfeng-Box-314-kWh
dongfeng,box 42.3 kwh,140,40.0,lithium-ion,487,160.0,129,255,12.5,51.0,ccs,1054.5942350332593,326.0,5,fwd,b - compact,4020,1810,1570,hatchback,https://ev-database.org/car/3036/Dongfeng-Box-423-kWh
elaris,beo 86 kwh,150,81.0,lithium-ion,487,320.0,203,390,9.5,65.0,ccs,1054.5942350332593,467.0,5,fwd,jd - large,4698,1908,1696,suv,https://ev-database.org/car/1975/Elaris-BEO-86-kWh
fiat,500e 3+1 24 kwh,135,21.3,lithium-ion,108,220.0,112,135,9.0,40.0,ccs,0.0,185.0,4,fwd,b - compact,3631,1683,1529,hatchback,https://ev-database.org/car/1726/Fiat-500e-3plus1-24-kWh
fiat,500e 3+1 42 kwh,150,37.3,lithium-ion,192,220.0,122,235,9.0,67.0,ccs,0.0,185.0,4,fwd,b - compact,3631,1683,1529,hatchback,https://ev-database.org/car/1328/Fiat-500e-3plus1-42-kWh
fiat,500e cabrio 24 kwh,135,21.3,lithium-ion,108,220.0,112,135,9.0,40.0,ccs,0.0,185.0,4,fwd,b - compact,3631,1683,1529,cabriolet,https://ev-database.org/car/1727/Fiat-500e-Cabrio-24-kWh
fiat,500e cabrio 42 kwh,150,37.3,lithium-ion,192,220.0,125,230,9.0,67.0,ccs,0.0,185.0,4,fwd,b - compact,3631,1683,1529,cabriolet,https://ev-database.org/car/1275/Fiat-500e-Cabrio-42-kWh
fiat,500e hatchback 24 kwh,135,21.3,lithium-ion,108,220.0,112,135,9.0,40.0,ccs,0.0,185.0,4,fwd,b - compact,3631,1683,1529,hatchback,https://ev-database.org/car/1327/Fiat-500e-Hatchback-24-kWh
fiat,500e hatchback 42 kwh,150,37.3,lithium-ion,192,220.0,118,235,9.0,67.0,ccs,0.0,185.0,4,fwd,b - compact,3631,1683,1529,hatchback,https://ev-database.org/car/1285/Fiat-500e-Hatchback-42-kWh
fiat,600e,150,50.8,lithium-ion,102,260.0,124,310,9.0,79.0,ccs,0.0,360.0,5,fwd,jb - compact,4171,1781,1523,suv,https://ev-database.org/car/1945/Fiat-600e
fiat,grande panda,132,43.8,lithium-ion,487,122.0,136,260,11.0,60.0,ccs,550.0,361.0,5,fwd,b - compact,3999,1763,1570,hatchback,https://ev-database.org/car/2251/Fiat-Grande-Panda
ford,capri extended range awd,180,79.0,lithium-ion,288,679.0,148,455,5.3,135.0,ccs,1200.0,572.0,5,awd,d - large,4643,1872,1626,liftback sedan,https://ev-database.org/car/2242/Ford-Capri-Extended-Range-AWD
ford,capri extended range rwd,180,77.0,lithium-ion,288,545.0,135,455,6.4,120.0,ccs,1000.0,572.0,5,rwd,d - large,4643,1872,1626,liftback sedan,https://ev-database.org/car/2241/Ford-Capri-Extended-Range-RWD
ford,capri standard range rwd,160,52.0,lithium-ion,192,310.0,163,320,9.0,85.0,ccs,1000.0,572.0,5,rwd,d - large,4643,1872,1626,liftback sedan,https://ev-database.org/car/2240/Ford-Capri-Standard-Range-RWD
ford,explorer extended range awd,180,79.0,lithium-ion,288,679.0,153,440,5.3,135.0,ccs,1200.0,536.0,5,awd,jc - medium,4468,1871,1639,suv,https://ev-database.org/car/2169/Ford-Explorer-Extended-Range-AWD
ford,explorer extended range rwd,180,77.0,lithium-ion,288,545.0,139,435,6.4,120.0,ccs,1000.0,536.0,5,rwd,jc - medium,4468,1871,1630,suv,https://ev-database.org/car/2168/Ford-Explorer-Extended-Range-RWD
ford,explorer standard range rwd,160,52.0,lithium-ion,192,310.0,137,305,8.7,85.0,ccs,1000.0,536.0,5,rwd,jc - medium,4468,1871,1630,suv,https://ev-database.org/car/2167/Ford-Explorer-Standard-Range-RWD
ford,mustang mach-e er awd (my25),180,88.0,lithium-ion,487,675.0,160,435,4.8,105.0,ccs,1500.0,519.0,5,awd,jd - large,4713,1881,1624,suv,https://ev-database.org/car/3189/Ford-Mustang-Mach-E-ER-AWD
ford,mustang mach-e er awd (my24),180,91.0,lithium-ion,376,675.0,165,445,4.6,115.0,ccs,1500.0,519.0,5,awd,jd - large,4713,1881,1624,suv,https://ev-database.org/car/2279/Ford-Mustang-Mach-E-ER-AWD
ford,mustang mach-e er rwd (my25),180,88.0,lithium-ion,487,525.0,147,475,6.1,105.0,ccs,1500.0,519.0,5,rwd,jd - large,4713,1881,1624,suv,https://ev-database.org/car/3188/Ford-Mustang-Mach-E-ER-RWD
ford,mustang mach-e er rwd (my24),180,91.0,lithium-ion,376,525.0,152,480,5.9,115.0,ccs,1500.0,519.0,5,rwd,jd - large,4713,1881,1624,suv,https://ev-database.org/car/2278/Ford-Mustang-Mach-E-ER-RWD
ford,mustang mach-e gt (my24),200,91.0,lithium-ion,376,950.0,177,425,3.8,115.0,ccs,750.0,519.0,5,awd,jd - large,4743,1881,1613,suv,https://ev-database.org/car/2280/Ford-Mustang-Mach-E-GT
ford,mustang mach-e gt (my25),200,91.0,lithium-ion,376,950.0,177,435,3.8,115.0,ccs,750.0,519.0,5,awd,jd - large,4743,1881,1613,suv,https://ev-database.org/car/3190/Ford-Mustang-Mach-E-GT
ford,mustang mach-e rally (my25),200,91.0,lithium-ion,376,950.0,178,415,3.9,115.0,ccs,750.0,519.0,5,awd,jd - large,4743,1881,1633,suv,https://ev-database.org/car/3191/Ford-Mustang-Mach-E-Rally
ford,mustang mach-e rally (my24),200,91.0,lithium-ion,376,950.0,178,410,3.9,115.0,ccs,750.0,519.0,5,awd,jd - large,4743,1881,1633,suv,https://ev-database.org/car/2275/Ford-Mustang-Mach-E-Rally
ford,mustang mach-e sr rwd (my24),180,72.6,lithium-ion,487,525.0,154,385,6.2,100.0,ccs,750.0,519.0,5,rwd,jd - large,4713,1881,1624,suv,https://ev-database.org/car/2277/Ford-Mustang-Mach-E-SR-RWD
ford,mustang mach-e sr rwd (my25),180,72.6,lithium-ion,487,525.0,154,380,6.2,100.0,ccs,750.0,519.0,5,rwd,jd - large,4713,1881,1624,suv,https://ev-database.org/car/3187/Ford-Mustang-Mach-E-SR-RWD
ford,puma gen-e,160,43.6,lithium-ion,487,290.0,126,275,8.0,85.0,ccs,750.0,523.0,5,fwd,jb - compact,4214,1805,1555,suv,https://ev-database.org/car/3073/Ford-Puma-Gen-E
ford,e-tourneo courier,145,43.6,lithium-ion,487,290.0,164,200,11.0,80.0,ccs,750.0,470.0,5,fwd,n - passenger van,4337,1876,1817,small passenger van,https://ev-database.org/car/3166/Ford-e-Tourneo-Courier
ford,e-tourneo custom l1 160 kw,130,64.0,lithium-ion,487,415.0,370,235,9.0,70.0,ccs,2000.0,672.0,8,rwd,n - passenger van,5050,1999,1959,small passenger van,https://ev-database.org/car/3162/Ford-e-Tourneo-Custom-L1-160-kW
ford,e-tourneo custom l1 210 kw,130,64.0,lithium-ion,487,415.0,370,235,8.0,70.0,ccs,2000.0,672.0,8,rwd,n - passenger van,5050,1999,1959,small passenger van,https://ev-database.org/car/3163/Ford-e-Tourneo-Custom-L1-210-kW
ford,e-tourneo custom l2 160 kw,150,64.0,lithium-ion,487,415.0,370,235,9.0,70.0,ccs,2000.0,672.0,8,rwd,n - passenger van,5908,1999,1959,small passenger van,https://ev-database.org/car/3164/Ford-e-Tourneo-Custom-L2-160-kW
ford,e-tourneo custom l2 210 kw,150,64.0,lithium-ion,487,415.0,370,235,8.0,70.0,ccs,2000.0,672.0,8,rwd,n - passenger van,5908,1999,1959,small passenger van,https://ev-database.org/car/3165/Ford-e-Tourneo-Custom-L2-210-kW
gwm,ora 03 48 kwh,160,45.4,lithium-ion,487,250.0,146,260,8.3,45.0,ccs,0.0,228.0,5,fwd,c - medium,4235,1825,1603,hatchback,https://ev-database.org/car/2091/GWM-ORA-03-48-kWh
gwm,ora 03 63 kwh,160,59.3,lithium-ion,487,250.0,141,340,8.2,56.0,ccs,0.0,228.0,5,fwd,c - medium,4235,1825,1603,hatchback,https://ev-database.org/car/2092/GWM-ORA-03-63-kWh
gwm,ora 03 gt,160,59.3,lithium-ion,487,250.0,148,325,8.2,56.0,ccs,0.0,228.0,5,fwd,c - medium,4254,1848,1603,hatchback,https://ev-database.org/car/2093/GWM-ORA-03-GT
gwm,ora 07 gt,180,83.5,lithium-ion,487,680.0,161,430,4.5,80.0,ccs,0.0,333.0,5,awd,d - large,4871,1862,1500,sedan,https://ev-database.org/car/2247/GWM-ORA-07-GT
gwm,ora 07 pro,170,64.3,lithium-ion,487,340.0,146,350,8.2,75.0,ccs,0.0,333.0,5,fwd,d - large,4871,1862,1500,sedan,https://ev-database.org/car/2246/GWM-ORA-07-Pro
gwm,ora 07 pure,170,64.3,lithium-ion,487,340.0,146,350,8.2,75.0,ccs,0.0,333.0,5,fwd,d - large,4871,1862,1500,sedan,https://ev-database.org/car/2245/GWM-ORA-07-Pure
genesis,g80 electrified luxury,225,82.5,lithium-ion,487,700.0,159,440,4.9,160.0,ccs,1054.5942350332593,354.0,5,awd,f - luxury,5005,1925,1470,sedan,https://ev-database.org/car/1703/Genesis-G80-Electrified-Luxury
genesis,gv60 premium,185,74.0,lithium-ion,384,350.0,143,390,7.8,200.0,ccs,1600.0,432.0,5,rwd,jc - medium,4515,1890,1580,suv,https://ev-database.org/car/1647/Genesis-GV60-Premium
genesis,gv60 sport,200,74.0,lithium-ion,384,605.0,157,375,5.5,200.0,ccs,1600.0,432.0,5,awd,jc - medium,4515,1890,1580,suv,https://ev-database.org/car/1648/Genesis-GV60-Sport
genesis,gv60 sport plus,235,74.0,lithium-ion,384,700.0,159,360,4.0,200.0,ccs,1600.0,432.0,5,awd,jc - medium,4515,1890,1580,suv,https://ev-database.org/car/1649/Genesis-GV60-Sport-Plus
genesis,gv70 electrified sport,235,74.0,lithium-ion,384,700.0,163,350,4.2,190.0,ccs,1800.0,503.0,5,awd,jd - large,4715,1910,1630,suv,https://ev-database.org/car/1725/Genesis-GV70-Electrified-Sport
honda,e:ny1,160,61.9,lithium-ion,487,310.0,150,335,7.6,60.0,ccs,0.0,361.0,5,fwd,jb - compact,4387,1790,1584,suv,https://ev-database.org/car/1940/Honda-eNy1
hongqi,e-hs9 120 kwh,200,112.0,lithium-ion,487,750.0,217,455,4.9,110.0,ccs,1500.0,438.0,5,awd,jf - luxury,5209,2010,1731,suv,https://ev-database.org/car/2050/Hongqi-E-HS9-120-kWh
hongqi,e-hs9 84 kwh,200,76.5,lithium-ion,487,600.0,193,320,6.5,112.0,ccs,1500.0,438.0,5,awd,jf - luxury,5209,2010,1731,suv,https://ev-database.org/car/1746/Hongqi-E-HS9-84-kWh
hongqi,e-hs9 99 kwh,200,90.0,lithium-ion,487,750.0,194,370,4.9,112.0,ccs,1500.0,438.0,5,awd,jf - luxury,5209,2010,1731,suv,https://ev-database.org/car/1747/Hongqi-E-HS9-99-kWh
hyundai,inster long range,150,46.0,lithium-ion,487,147.0,124,300,10.6,70.0,ccs,1054.5942350332593,280.0,4,fwd,ja - mini,3825,1610,1575,suv,https://ev-database.org/car/2231/Hyundai-INSTER-Long-Range
hyundai,inster standard range,140,39.0,lithium-ion,487,147.0,119,255,11.7,60.0,ccs,1054.5942350332593,280.0,4,fwd,ja - mini,3825,1610,1575,suv,https://ev-database.org/car/2230/Hyundai-INSTER-Standard-Range
hyundai,ioniq 5 63 kwh rwd (my24),185,60.0,lithium-ion,288,350.0,136,345,8.5,150.0,ccs,750.0,520.0,5,rwd,jc - medium,4655,1890,1605,suv,https://ev-database.org/car/2235/Hyundai-IONIQ-5-63-kWh-RWD
hyundai,ioniq 5 84 kwh awd (my24),185,80.0,lithium-ion,384,605.0,162,445,5.3,205.0,ccs,1600.0,520.0,5,awd,jc - medium,4655,1890,1605,suv,https://ev-database.org/car/2237/Hyundai-IONIQ-5-84-kWh-AWD
hyundai,ioniq 5 84 kwh rwd (my24),185,80.0,lithium-ion,384,350.0,155,450,7.5,205.0,ccs,1600.0,520.0,5,rwd,jc - medium,4655,1890,1605,suv,https://ev-database.org/car/2236/Hyundai-IONIQ-5-84-kWh-RWD
hyundai,ioniq 5 n (my24),260,80.0,lithium-ion,384,740.0,179,390,3.4,205.0,ccs,0.0,480.0,5,awd,jc - medium,4715,1940,1585,suv,https://ev-database.org/car/2044/Hyundai-IONIQ-5-N
hyundai,ioniq 6 long range 2wd,185,74.0,lithium-ion,384,350.0,136,495,7.4,200.0,ccs,1500.0,401.0,5,rwd,d - large,4855,1880,1495,sedan,https://ev-database.org/car/1718/Hyundai-IONIQ-6-Long-Range-2WD
hyundai,ioniq 6 long range awd,185,74.0,lithium-ion,384,605.0,143,440,5.1,200.0,ccs,1500.0,401.0,5,awd,d - large,4855,1880,1495,sedan,https://ev-database.org/car/1719/Hyundai-IONIQ-6-Long-Range-AWD
hyundai,ioniq 6 standard range 2wd,185,50.0,lithium-ion,264,350.0,117,335,8.8,120.0,ccs,750.0,401.0,5,rwd,d - large,4855,1880,1495,sedan,https://ev-database.org/car/1717/Hyundai-IONIQ-6-Standard-Range-2WD
hyundai,ioniq 9 long range awd,200,106.0,lithium-ion,487,605.0,177,490,6.7,195.0,ccs,2500.0,338.0,7,awd,jf - luxury,5060,1980,1790,suv,https://ev-database.org/car/3068/Hyundai-IONIQ-9-Long-Range-AWD
hyundai,ioniq 9 long range rwd,185,106.0,lithium-ion,487,350.0,171,500,9.4,195.0,ccs,1600.0,338.0,7,rwd,jf - luxury,5060,1980,1790,suv,https://ev-database.org/car/3067/Hyundai-IONIQ-9-Long-Range-RWD
hyundai,ioniq 9 performance awd,200,106.0,lithium-ion,487,700.0,177,480,5.2,195.0,ccs,2500.0,338.0,7,awd,jf - luxury,5060,1980,1790,suv,https://ev-database.org/car/3069/Hyundai-IONIQ-9-Performance-AWD
hyundai,kona electric 48 kwh,160,48.4,lithium-ion,487,255.0,128,295,8.8,50.0,ccs,300.0,466.0,5,fwd,jb - compact,4355,1825,1575,suv,https://ev-database.org/car/1829/Hyundai-Kona-Electric-48-kWh
hyundai,kona electric 65 kwh,170,65.4,lithium-ion,487,255.0,144,390,7.8,86.0,ccs,750.0,466.0,5,fwd,jb - compact,4355,1825,1575,suv,https://ev-database.org/car/1830/Hyundai-Kona-Electric-65-kWh
jaguar,i-pace ev400,200,84.7,lithium-ion,432,696.0,208,380,4.8,85.0,ccs,750.0,505.0,5,awd,jd - large,4682,2011,1566,suv,https://ev-database.org/car/1812/Jaguar-I-Pace-EV400
jeep,avenger electric,150,50.8,lithium-ion,102,260.0,132,310,9.0,85.0,ccs,0.0,355.0,5,fwd,jb - compact,4084,1776,1528,suv,https://ev-database.org/car/1816/Jeep-Avenger-Electric
jeep,compass electric 74 kwh,180,74.0,lithium-ion,487,345.0,148,370,8.5,90.0,ccs,1000.0,550.0,5,fwd,jc - medium,4552,1928,1675,suv,https://ev-database.org/car/3181/Jeep-Compass-Electric-74-kWh
kgm,torres evx,175,72.0,lithium-ion,487,339.0,156,370,8.1,85.0,ccs,1500.0,839.0,5,fwd,jc - medium,4715,1890,1725,suv,https://ev-database.org/car/2189/KGM-Torres-EVX
kia,ev3 long range,170,78.0,lithium-ion,487,283.0,139,455,7.7,105.0,ccs,1000.0,460.0,5,fwd,jb - compact,4300,1850,1560,suv,https://ev-database.org/car/2212/Kia-EV3-Long-Range
kia,ev3 standard range,170,55.0,lithium-ion,487,283.0,133,325,7.5,80.0,ccs,300.0,460.0,5,fwd,jb - compact,4300,1850,1560,suv,https://ev-database.org/car/2211/Kia-EV3-Standard-Range
kia,ev4 hatchback long range,170,78.0,lithium-ion,487,283.0,132,475,7.7,105.0,ccs,1054.5942350332593,435.0,5,fwd,c - medium,4430,1860,1485,hatchback,https://ev-database.org/car/3124/Kia-EV4-Hatchback-Long-Range
kia,ev4 hatchback standard range,170,55.0,lithium-ion,487,283.0,134,340,7.4,80.0,ccs,1054.5942350332593,435.0,5,fwd,c - medium,4430,1860,1485,hatchback,https://ev-database.org/car/3123/Kia-EV4-Hatchback-Standard-Range
kia,ev4 sedan long range,170,78.0,lithium-ion,487,283.0,124,495,7.7,105.0,ccs,1054.5942350332593,490.0,5,fwd,c - medium,4730,1860,1480,sedan,https://ev-database.org/car/3122/Kia-EV4-Sedan-Long-Range
kia,ev4 sedan standard range,170,55.0,lithium-ion,487,283.0,128,355,7.4,80.0,ccs,1054.5942350332593,490.0,5,fwd,c - medium,4730,1860,1480,sedan,https://ev-database.org/car/3121/Kia-EV4-Sedan-Standard-Range
kia,ev6 gt,260,80.0,lithium-ion,384,770.0,178,385,3.5,205.0,ccs,1800.0,480.0,5,awd,jc - medium,4695,1890,1545,suv,https://ev-database.org/car/3079/Kia-EV6-GT
kia,ev6 long range 2wd,185,80.0,lithium-ion,384,350.0,143,455,7.3,205.0,ccs,1800.0,490.0,5,rwd,jc - medium,4695,1880,1575,suv,https://ev-database.org/car/3028/Kia-EV6-Long-Range-2WD
kia,ev6 long range awd,185,80.0,lithium-ion,384,605.0,154,440,5.2,205.0,ccs,1800.0,490.0,5,awd,jc - medium,4695,1880,1575,suv,https://ev-database.org/car/3029/Kia-EV6-Long-Range-AWD
kia,ev6 standard range 2wd,185,60.0,lithium-ion,288,350.0,140,345,8.7,150.0,ccs,750.0,490.0,5,rwd,jc - medium,4695,1880,1575,suv,https://ev-database.org/car/3030/Kia-EV6-Standard-Range-2WD
kia,ev9 76.1 kwh rwd,190,73.0,lithium-ion,348,350.0,165,355,8.5,160.0,ccs,900.0,333.0,7,rwd,jf - luxury,5010,1980,1755,suv,https://ev-database.org/car/1833/Kia-EV9-761-kWh-RWD
kia,ev9 99.8 kwh awd,200,96.0,lithium-ion,456,600.0,188,435,6.0,194.0,ccs,2500.0,333.0,7,awd,jf - luxury,5010,1980,1755,suv,https://ev-database.org/car/1835/Kia-EV9-998-kWh-AWD
kia,ev9 99.8 kwh awd gt,220,96.0,lithium-ion,456,740.0,190,420,4.6,194.0,ccs,2500.0,333.0,7,awd,jf - luxury,5015,1980,1755,suv,https://ev-database.org/car/3196/Kia-EV9-998-kWh-AWD-GT
kia,ev9 99.8 kwh awd gt-line,200,96.0,lithium-ion,456,700.0,190,425,5.3,194.0,ccs,2500.0,333.0,7,awd,jf - luxury,5015,1980,1780,suv,https://ev-database.org/car/1993/Kia-EV9-998-kWh-AWD-GT-Line
kia,ev9 99.8 kwh rwd,185,96.0,lithium-ion,456,350.0,171,450,9.4,194.0,ccs,900.0,333.0,7,rwd,jf - luxury,5010,1980,1755,suv,https://ev-database.org/car/1834/Kia-EV9-998-kWh-RWD
kia,niro ev,167,64.8,lithium-ion,96,255.0,140,385,7.8,70.0,ccs,750.0,475.0,5,fwd,jc - medium,4420,1825,1570,suv,https://ev-database.org/car/1666/Kia-Niro-EV
lancia,ypsilon,150,48.1,lithium-ion,96,260.0,122,310,8.2,80.0,ccs,0.0,309.0,5,fwd,b - compact,4080,1760,1440,hatchback,https://ev-database.org/car/2117/Lancia-Ypsilon
leapmotor,c10,170,69.9,lithium-ion,487,320.0,166,350,7.5,70.0,ccs,1500.0,435.0,5,rwd,jd - large,4739,1900,1680,suv,https://ev-database.org/car/3040/Leapmotor-C10
leapmotor,t03,130,36.0,lithium-ion,487,158.0,136,225,12.7,30.0,ccs,1054.5942350332593,210.0,4,fwd,a - mini,3620,1652,1577,hatchback,https://ev-database.org/car/3039/Leapmotor-T03
lexus,rz 300e,160,64.0,lithium-ion,96,266.0,149,365,8.0,100.0,ccs,750.0,522.0,5,fwd,jc - medium,4690,1860,1600,suv,https://ev-database.org/car/3027/Lexus-RZ-300e
lexus,rz 450e,160,64.0,lithium-ion,96,435.0,158,350,5.6,100.0,ccs,750.0,522.0,5,awd,jd - large,4805,1895,1635,suv,https://ev-database.org/car/1677/Lexus-RZ-450e
lexus,ux 300e,160,64.0,lithium-ion,96,300.0,145,340,7.5,35.0,chademo,0.0,316.0,5,fwd,jc - medium,4495,1840,1545,suv,https://ev-database.org/car/1943/Lexus-UX-300e
lotus,eletre,250,109.0,lithium-ion,487,710.0,204,495,4.5,259.0,ccs,2250.0,611.0,5,awd,jf - luxury,5103,2019,1630,suv,https://ev-database.org/car/1767/Lotus-Eletre
lotus,eletre r,260,109.0,lithium-ion,487,985.0,266,455,2.9,259.0,ccs,2250.0,611.0,5,awd,jf - luxury,5103,2019,1636,suv,https://ev-database.org/car/1768/Lotus-Eletre-R
lotus,eletre s,250,109.0,lithium-ion,487,710.0,222,480,4.5,259.0,ccs,2250.0,611.0,5,awd,jf - luxury,5103,2019,1630,suv,https://ev-database.org/car/2066/Lotus-Eletre-S
lotus,emeya,250,98.9,lithium-ion,487,710.0,198,520,4.2,240.0,ccs,2250.0,509.0,5,awd,f - luxury,5139,2005,1464,liftback sedan,https://ev-database.org/car/2141/Lotus-Emeya
lotus,emeya r,256,98.9,lithium-ion,487,985.0,227,465,2.8,240.0,ccs,1225.0,509.0,5,awd,f - luxury,5139,2005,1464,liftback sedan,https://ev-database.org/car/2143/Lotus-Emeya-R
lotus,emeya s,250,98.9,lithium-ion,487,710.0,198,520,4.2,240.0,ccs,2250.0,509.0,5,awd,f - luxury,5139,2005,1464,liftback sedan,https://ev-database.org/car/2142/Lotus-Emeya-S
lucid,air grand touring,270,112.0,lithium-ion,6600,1200.0,143,665,3.0,184.0,ccs,0.0,456.0,5,awd,f - luxury,4975,1939,1410,sedan,https://ev-database.org/car/1316/Lucid-Air-Grand-Touring
lucid,air pure rwd,200,92.0,lithium-ion,5400,498.6468085106383,130,565,4.7,160.0,ccs,0.0,456.0,5,rwd,f - luxury,4975,1939,1410,sedan,https://ev-database.org/car/2116/Lucid-Air-Pure-RWD
lucid,air touring,250,92.0,lithium-ion,5400,498.6468085106383,142,580,3.2,160.0,ccs,0.0,456.0,5,awd,f - luxury,4975,1939,1410,sedan,https://ev-database.org/car/1317/Lucid-Air-Touring
lynk&co,02,180,65.0,lithium-ion,487,343.0,149,370,5.5,90.0,ccs,1600.0,410.0,5,rwd,jc - medium,4460,1845,1573,suv,https://ev-database.org/car/3045/LynkCo-02
mg,cyberster gt,200,74.4,lithium-ion,487,725.0,168,395,3.2,85.0,ccs,1054.5942350332593,249.0,2,awd,g - sports,4535,1913,1329,cabriolet,https://ev-database.org/car/2203/MG-Cyberster-GT
mg,cyberster trophy,195,74.4,lithium-ion,487,475.0,146,425,5.0,85.0,ccs,1054.5942350332593,249.0,2,rwd,g - sports,4535,1913,1329,cabriolet,https://ev-database.org/car/2202/MG-Cyberster-Trophy
mg,4 electric 51 kwh,160,50.8,lithium-ion,104,250.0,145,300,7.7,68.0,ccs,500.0,363.0,5,rwd,c - medium,4287,1836,1504,hatchback,https://ev-database.org/car/1707/MG-MG4-Electric-51-kWh
mg,4 electric 64 kwh,160,61.7,lithium-ion,104,250.0,142,360,7.9,116.0,ccs,500.0,363.0,5,rwd,c - medium,4287,1836,1504,hatchback,https://ev-database.org/car/1708/MG-MG4-Electric-64-kWh
mg,4 electric 77 kwh,180,74.4,lithium-ion,487,350.0,143,425,6.5,110.0,ccs,500.0,363.0,5,rwd,c - medium,4287,1836,1516,hatchback,https://ev-database.org/car/1973/MG-MG4-Electric-77-kWh
mg,4 electric xpower,200,61.7,lithium-ion,104,600.0,160,320,3.8,116.0,ccs,500.0,363.0,5,awd,c - medium,4287,1836,1516,hatchback,https://ev-database.org/car/1944/MG-MG4-Electric-XPOWER
mg,5 electric long range,185,57.4,lithium-ion,487,280.0,151,335,7.7,60.0,ccs,500.0,479.0,5,fwd,c - medium,4600,1818,1543,station/estate,https://ev-database.org/car/1474/MG-MG5-Electric-Long-Range
mg,5 electric standard range,185,46.0,lithium-ion,487,280.0,148,265,7.7,53.0,ccs,500.0,479.0,5,fwd,c - medium,4600,1818,1543,station/estate,https://ev-database.org/car/1646/MG-MG5-Electric-Standard-Range
mg,s5  ev 49 kwh,170,47.1,lithium-ion,487,250.0,139,275,8.0,80.0,ccs,750.0,453.0,5,rwd,jc - medium,4476,1849,1621,suv,https://ev-database.org/car/3146/MG-MGS5--EV-49-kWh
mg,s5  ev 64 kwh,190,62.1,lithium-ion,487,350.0,134,365,6.3,90.0,ccs,750.0,453.0,5,rwd,jc - medium,4476,1849,1621,suv,https://ev-database.org/car/3147/MG-MGS5--EV-64-kWh
mg,zs ev long range,175,68.3,lithium-ion,487,280.0,155,370,8.4,82.0,ccs,500.0,448.0,5,fwd,jb - compact,4323,1809,1649,suv,https://ev-database.org/car/1541/MG-ZS-EV-Long-Range
mg,zs ev standard range,175,49.0,lithium-ion,487,280.0,153,265,8.6,50.0,ccs,500.0,448.0,5,fwd,jb - compact,4323,1809,1649,suv,https://ev-database.org/car/1540/MG-ZS-EV-Standard-Range
maserati,grancabrio folgore,290,83.0,lithium-ion,487,1350.0,198,395,2.8,190.0,ccs,1054.5942350332593,151.0,4,awd,f - luxury,4966,1957,1365,cabriolet,https://ev-database.org/car/2187/Maserati-GranCabrio-Folgore
maserati,granturismo folgore,325,83.0,lithium-ion,487,1350.0,182,420,2.7,217.0,ccs,1054.5942350332593,270.0,4,awd,f - luxury,4959,1957,1353,coupe,https://ev-database.org/car/1803/Maserati-GranTurismo-Folgore
maserati,grecale folgore,220,95.0,lithium-ion,487,820.0,220,400,4.1,110.0,ccs,1800.0,535.0,5,awd,je - executive,4865,1948,1651,suv,https://ev-database.org/car/1843/Maserati-Grecale-Folgore
maxus,mifa 9,180,84.0,lithium-ion,487,350.0,195,365,9.2,103.0,ccs,1000.0,31.0,7,fwd,n - passenger van,5270,2000,1840,small passenger van,https://ev-database.org/car/1837/Maxus-MIFA-9
mazda,6e 68.8 kwh,175,66.0,lithium-ion,487,320.0,138,390,7.6,120.0,ccs,1500.0,456.0,5,rwd,d - large,4921,1890,1491,liftback sedan,https://ev-database.org/car/3107/Mazda-6e-688-kWh
mazda,6e long range 80 kwh,175,75.0,lithium-ion,487,320.0,136,440,7.8,70.0,ccs,1500.0,456.0,5,rwd,d - large,4921,1890,1491,liftback sedan,https://ev-database.org/car/3108/Mazda-6e-Long-Range-80-kWh
mercedes-benz,cla 250+,210,85.0,lithium-ion,487,335.0,122,565,6.7,235.0,ccs,1500.0,405.0,5,rwd,d - large,4723,1855,1468,sedan,https://ev-database.org/car/3139/Mercedes-Benz-CLA-250plus
mercedes-benz,cla 350 4matic,210,85.0,lithium-ion,487,515.0,126,550,4.9,235.0,ccs,1800.0,405.0,5,awd,d - large,4723,1855,1468,sedan,https://ev-database.org/car/3140/Mercedes-Benz-CLA-350-4MATIC
mercedes-benz,eqa 250,160,66.5,lithium-ion,300,385.0,146,395,8.6,100.0,ccs,1500.0,340.0,5,fwd,jc - medium,4463,1834,1620,suv,https://ev-database.org/car/1984/Mercedes-Benz-EQA-250
mercedes-benz,eqa 250+,160,70.5,lithium-ion,487,385.0,142,420,8.6,90.0,ccs,1500.0,340.0,5,fwd,jc - medium,4463,1834,1620,suv,https://ev-database.org/car/1985/Mercedes-Benz-EQA-250plus
mercedes-benz,eqa 300 4matic,160,66.5,lithium-ion,300,390.0,162,350,7.7,100.0,ccs,1800.0,340.0,5,awd,jc - medium,4463,1834,1620,suv,https://ev-database.org/car/1986/Mercedes-Benz-EQA-300-4MATIC
mercedes-benz,eqa 350 4matic,160,66.5,lithium-ion,300,520.0,162,350,6.0,100.0,ccs,1800.0,340.0,5,awd,jc - medium,4463,1834,1620,suv,https://ev-database.org/car/1987/Mercedes-Benz-EQA-350-4MATIC
mercedes-benz,eqb 250+,160,70.5,lithium-ion,487,385.0,152,415,8.9,90.0,ccs,1400.0,495.0,7,fwd,jc - medium,4684,1834,1667,suv,https://ev-database.org/car/1988/Mercedes-Benz-EQB-250plus
mercedes-benz,eqb 300 4matic,160,66.5,lithium-ion,300,390.0,168,345,8.0,100.0,ccs,1700.0,495.0,7,awd,jc - medium,4684,1834,1667,suv,https://ev-database.org/car/1989/Mercedes-Benz-EQB-300-4MATIC
mercedes-benz,eqb 350 4matic,160,66.5,lithium-ion,300,520.0,168,345,6.2,100.0,ccs,1700.0,495.0,7,awd,jc - medium,4684,1834,1667,suv,https://ev-database.org/car/1990/Mercedes-Benz-EQB-350-4MATIC
mercedes-benz,eqe 300,210,89.0,lithium-ion,487,550.0,163,525,7.3,120.0,ccs,750.0,430.0,5,rwd,e - executive,4946,1906,1503,sedan,https://ev-database.org/car/2204/Mercedes-Benz-EQE-300
mercedes-benz,eqe 350 4matic,210,90.6,lithium-ion,360,765.0,173,515,6.3,141.0,ccs,1700.0,430.0,5,awd,e - executive,4946,1906,1503,sedan,https://ev-database.org/car/2206/Mercedes-Benz-EQE-350-4MATIC
mercedes-benz,eqe 350+,210,96.0,lithium-ion,487,565.0,164,555,6.5,141.0,ccs,750.0,430.0,5,rwd,e - executive,4946,1906,1510,sedan,https://ev-database.org/car/2205/Mercedes-Benz-EQE-350plus
mercedes-benz,eqe 500 4matic,210,90.6,lithium-ion,360,858.0,173,505,4.7,141.0,ccs,1700.0,430.0,5,awd,e - executive,4946,1906,1503,sedan,https://ev-database.org/car/2207/Mercedes-Benz-EQE-500-4MATIC
mercedes-benz,eqe amg 43 4matic,210,90.6,lithium-ion,360,858.0,207,450,4.2,141.0,ccs,1700.0,430.0,5,awd,e - executive,4964,1906,1495,sedan,https://ev-database.org/car/2208/Mercedes-Benz-EQE-AMG-43-4MATIC
mercedes-benz,eqe amg 53 4matic+,220,90.6,lithium-ion,360,950.0,208,450,3.5,141.0,ccs,1700.0,430.0,5,awd,e - executive,4964,1906,1495,sedan,https://ev-database.org/car/2209/Mercedes-Benz-EQE-AMG-53-4MATICplus
mercedes-benz,eqe suv 300,210,90.6,lithium-ion,487,550.0,182,450,7.6,141.0,ccs,750.0,520.0,5,rwd,je - executive,4863,1940,1685,suv,https://ev-database.org/car/2045/Mercedes-Benz-EQE-SUV-300
mercedes-benz,eqe suv 350 4matic,210,90.6,lithium-ion,487,765.0,189,435,6.6,141.0,ccs,1800.0,520.0,5,awd,je - executive,4863,1940,1685,suv,https://ev-database.org/car/2047/Mercedes-Benz-EQE-SUV-350-4MATIC
mercedes-benz,eqe suv 350+,210,96.0,lithium-ion,487,565.0,164,475,6.9,141.0,ccs,750.0,520.0,5,rwd,je - executive,4863,1940,1685,suv,https://ev-database.org/car/2046/Mercedes-Benz-EQE-SUV-350plus
mercedes-benz,eqe suv 500 4matic,210,96.0,lithium-ion,487,858.0,187,455,4.9,141.0,ccs,1800.0,520.0,5,awd,je - executive,4863,1940,1685,suv,https://ev-database.org/car/2048/Mercedes-Benz-EQE-SUV-500-4MATIC
mercedes-benz,eqe suv amg 43 4matic,210,90.6,lithium-ion,360,858.0,214,425,4.3,141.0,ccs,1800.0,520.0,5,awd,je - executive,4879,1940,1672,suv,https://ev-database.org/car/1763/Mercedes-Benz-EQE-SUV-AMG-43-4MATIC
mercedes-benz,eqe suv amg 53 4matic+,240,90.6,lithium-ion,360,1000.0,242,420,3.5,141.0,ccs,1800.0,520.0,5,awd,je - executive,4879,1940,1672,suv,https://ev-database.org/car/1764/Mercedes-Benz-EQE-SUV-AMG-53-4MATICplus
mercedes-benz,eqs 350,210,96.0,lithium-ion,360,565.0,165,570,6.7,130.0,ccs,750.0,620.0,5,rwd,f - luxury,5223,1926,1512,sedan,https://ev-database.org/car/2155/Mercedes-Benz-EQS-350
mercedes-benz,eqs 450 4matic,210,118.0,lithium-ion,487,800.0,180,655,5.7,160.0,ccs,1700.0,620.0,5,awd,f - luxury,5223,1926,1518,sedan,https://ev-database.org/car/2194/Mercedes-Benz-EQS-450-4MATIC
mercedes-benz,eqs 450+,210,118.0,lithium-ion,487,568.0,173,685,6.2,160.0,ccs,750.0,620.0,5,rwd,f - luxury,5223,1926,1518,sedan,https://ev-database.org/car/2193/Mercedes-Benz-EQS-450plus
mercedes-benz,eqs 500 4matic,210,118.0,lithium-ion,487,828.0,180,640,4.9,160.0,ccs,1700.0,620.0,5,awd,f - luxury,5223,1926,1518,sedan,https://ev-database.org/car/2195/Mercedes-Benz-EQS-500-4MATIC
mercedes-benz,eqs 580 4matic,210,118.0,lithium-ion,487,858.0,180,640,4.4,160.0,ccs,1700.0,620.0,5,awd,f - luxury,5223,1926,1518,sedan,https://ev-database.org/car/2196/Mercedes-Benz-EQS-580-4MATIC
mercedes-benz,eqs amg 53 4matic+,250,118.0,lithium-ion,487,1020.0,222,585,3.4,160.0,ccs,1700.0,620.0,5,awd,f - luxury,5223,1926,1518,sedan,https://ev-database.org/car/2197/Mercedes-Benz-EQS-AMG-53-4MATICplus
mercedes-benz,eqs suv 450 4matic,210,118.0,lithium-ion,487,800.0,199,530,6.1,160.0,ccs,1800.0,645.0,7,awd,jf - luxury,5125,1959,1718,suv,https://ev-database.org/car/2088/Mercedes-Benz-EQS-SUV-450-4MATIC
mercedes-benz,eqs suv 450+,210,118.0,lithium-ion,487,568.0,195,540,6.8,160.0,ccs,750.0,645.0,7,rwd,jf - luxury,5125,1959,1718,suv,https://ev-database.org/car/2087/Mercedes-Benz-EQS-SUV-450plus
mercedes-benz,eqs suv 500 4matic,210,118.0,lithium-ion,487,828.0,199,530,5.3,160.0,ccs,1800.0,645.0,7,awd,jf - luxury,5125,1959,1718,suv,https://ev-database.org/car/2089/Mercedes-Benz-EQS-SUV-500-4MATIC
mercedes-benz,eqs suv 580 4matic,210,118.0,lithium-ion,487,858.0,199,530,4.7,160.0,ccs,1800.0,13.0,7,awd,jf - luxury,5125,1959,1718,suv,https://ev-database.org/car/2090/Mercedes-Benz-EQS-SUV-580-4MATIC
mercedes-benz,eqs suv maybach 680,210,118.0,lithium-ion,487,950.0,211,490,4.4,160.0,ccs,1800.0,440.0,4,awd,jf - luxury,5125,1959,1725,suv,https://ev-database.org/car/2086/Mercedes-Benz-EQS-SUV-Maybach-680
mercedes-benz,eqt 200 long,132,45.0,lithium-ion,487,245.0,177,220,13.3,50.0,ccs,1500.0,828.0,7,fwd,n - passenger van,4922,1859,1811,small passenger van,https://ev-database.org/car/2239/Mercedes-Benz-EQT-200-Long
mercedes-benz,eqt 200 standard,132,45.0,lithium-ion,487,245.0,167,225,12.6,50.0,ccs,1500.0,551.0,5,fwd,n - passenger van,4498,1859,1819,small passenger van,https://ev-database.org/car/1908/Mercedes-Benz-EQT-200-Standard
mercedes-benz,eqv 250 extra-long,160,60.0,lithium-ion,192,365.0,282,210,12.0,60.0,ccs,0.0,1410.0,7,fwd,n - passenger van,5370,1928,1911,small passenger van,https://ev-database.org/car/2130/Mercedes-Benz-EQV-250-Extra-Long
mercedes-benz,eqv 250 long,160,60.0,lithium-ion,192,365.0,282,215,12.0,60.0,ccs,0.0,1030.0,7,fwd,n - passenger van,5140,1928,1910,small passenger van,https://ev-database.org/car/2129/Mercedes-Benz-EQV-250-Long
mercedes-benz,eqv 300 extra-long,140,90.0,lithium-ion,288,365.0,249,315,12.2,96.0,ccs,0.0,1410.0,7,fwd,n - passenger van,5370,1928,1901,small passenger van,https://ev-database.org/car/2274/Mercedes-Benz-EQV-300-Extra-Long
mercedes-benz,eqv 300 long,160,90.0,lithium-ion,288,365.0,276,320,12.1,96.0,ccs,0.0,1030.0,7,fwd,n - passenger van,5140,1928,1901,small passenger van,https://ev-database.org/car/2131/Mercedes-Benz-EQV-300-Long
mercedes-benz,g 580,180,116.0,lithium-ion,216,1164.0,267,360,4.7,150.0,ccs,0.0,555.0,5,awd,jf - luxury,4624,1931,1986,suv,https://ev-database.org/car/2192/Mercedes-Benz-G-580
mercedes-benz,evito tourer extra-long 60 kwh,160,60.0,lithium-ion,192,360.0,254,215,12.0,60.0,ccs,0.0,1390.0,8,fwd,n - passenger van,5370,1928,1890,small passenger van,https://ev-database.org/car/2139/Mercedes-Benz-eVito-Tourer-Extra-Long-60-kWh
mercedes-benz,evito tourer long 60 kwh,160,60.0,lithium-ion,192,360.0,259,220,12.0,60.0,ccs,0.0,990.0,8,fwd,n - passenger van,5140,1928,1890,small passenger van,https://ev-database.org/car/2138/Mercedes-Benz-eVito-Tourer-Long-60-kWh
mercedes-benz,evito tourer long 90 kwh,160,90.0,lithium-ion,288,360.0,260,325,12.1,96.0,ccs,0.0,990.0,8,fwd,n - passenger van,5140,1928,1890,small passenger van,https://ev-database.org/car/2140/Mercedes-Benz-eVito-Tourer-Long-90-kWh
mini,aceman e,160,38.5,lithium-ion,487,290.0,129,230,7.9,60.0,ccs,750.0,300.0,5,fwd,jb - compact,4079,1754,1514,suv,https://ev-database.org/car/2190/Mini-Aceman-E
mini,aceman jcw,200,49.2,lithium-ion,487,350.0,143,280,6.4,75.0,ccs,750.0,300.0,5,fwd,jb - compact,4079,1754,1514,suv,https://ev-database.org/car/3059/Mini-Aceman-JCW
mini,aceman se,170,49.2,lithium-ion,487,330.0,129,290,7.1,75.0,ccs,750.0,300.0,5,fwd,jb - compact,4079,1754,1514,suv,https://ev-database.org/car/2191/Mini-Aceman-SE
mini,cooper e,160,36.6,lithium-ion,487,290.0,125,250,7.3,60.0,ccs,0.0,200.0,4,fwd,b - compact,3858,1756,1460,hatchback,https://ev-database.org/car/1997/Mini-Cooper-E
mini,cooper jcw,200,49.2,lithium-ion,487,350.0,135,290,5.9,75.0,ccs,0.0,200.0,4,fwd,b - compact,3858,1756,1460,hatchback,https://ev-database.org/car/3058/Mini-Cooper-JCW
mini,cooper se,170,49.2,lithium-ion,487,330.0,127,330,6.7,75.0,ccs,0.0,200.0,4,fwd,b - compact,3858,1756,1460,hatchback,https://ev-database.org/car/1998/Mini-Cooper-SE
mini,countryman e,170,64.6,lithium-ion,487,250.0,140,380,8.6,94.0,ccs,750.0,460.0,5,fwd,jc - medium,4433,1843,1656,suv,https://ev-database.org/car/1994/Mini-Countryman-E
mini,countryman se all4,180,64.6,lithium-ion,487,494.0,149,365,5.6,94.0,ccs,1200.0,460.0,5,awd,jc - medium,4433,1843,1656,suv,https://ev-database.org/car/1995/Mini-Countryman-SE-ALL4
nio,el6 long range,200,90.0,lithium-ion,96,700.0,170,435,4.5,135.0,ccs,1200.0,579.0,5,awd,je - executive,4854,1995,1703,suv,https://ev-database.org/car/1922/NIO-EL6-Long-Range
nio,el6 standard range,200,73.5,lithium-ion,118,700.0,181,365,4.5,110.0,ccs,1200.0,579.0,5,awd,je - executive,4854,1995,1703,suv,https://ev-database.org/car/1921/NIO-EL6-Standard-Range
nio,el7 long range,200,90.0,lithium-ion,96,850.0,185,430,3.9,100.0,ccs,2000.0,570.0,5,awd,jf - luxury,4912,1987,1720,suv,https://ev-database.org/car/1789/NIO-EL7-Long-Range
nio,el7 standard range,200,73.5,lithium-ion,118,850.0,198,355,3.9,110.0,ccs,2000.0,570.0,5,awd,jf - luxury,4912,1987,1720,suv,https://ev-database.org/car/1788/NIO-EL7-Standard-Range
nio,el8 long range,200,90.0,lithium-ion,96,850.0,185,440,4.1,190.0,ccs,2000.0,265.0,6,awd,jf - luxury,5099,1989,1750,suv,https://ev-database.org/car/2223/NIO-EL8-Long-Range
nio,el8 standard range,200,73.5,lithium-ion,118,850.0,196,360,4.1,110.0,ccs,2000.0,265.0,6,awd,jf - luxury,5099,1989,1750,suv,https://ev-database.org/car/2222/NIO-EL8-Standard-Range
nio,et5 long range,200,90.0,lithium-ion,96,700.0,167,500,4.0,100.0,ccs,1400.0,386.0,5,awd,e - executive,4790,1960,1499,sedan,https://ev-database.org/car/1787/NIO-ET5-Long-Range
nio,et5 standard range,200,73.5,lithium-ion,118,700.0,175,410,4.0,110.0,ccs,1400.0,386.0,5,awd,e - executive,4790,1960,1499,sedan,https://ev-database.org/car/1786/NIO-ET5-Standard-Range
nio,et5 touring long range,200,90.0,lithium-ion,96,700.0,178,485,4.0,135.0,ccs,1400.0,450.0,5,awd,e - executive,4790,1960,1499,station/estate,https://ev-database.org/car/1916/NIO-ET5-Touring-Long-Range
nio,et5 touring standard range,200,73.5,lithium-ion,118,700.0,169,400,4.0,110.0,ccs,1400.0,450.0,5,awd,e - executive,4790,1960,1499,station/estate,https://ev-database.org/car/1915/NIO-ET5-Touring-Standard-Range
nio,et7 long range,200,90.0,lithium-ion,96,850.0,178,505,3.8,100.0,ccs,2000.0,363.0,5,awd,f - luxury,5101,1987,1509,sedan,https://ev-database.org/car/1752/NIO-ET7-Long-Range
nio,et7 standard range,200,73.5,lithium-ion,118,850.0,191,415,3.8,110.0,ccs,2000.0,363.0,5,awd,f - luxury,5101,1987,1509,sedan,https://ev-database.org/car/1751/NIO-ET7-Standard-Range
nissan,ariya 63kwh,160,63.0,lithium-ion,487,300.0,175,335,7.5,90.0,ccs,750.0,468.0,5,fwd,jc - medium,4595,1850,1660,suv,https://ev-database.org/car/1301/Nissan-Ariya-63kWh
nissan,ariya 87kwh,160,87.0,lithium-ion,487,300.0,169,450,7.6,110.0,ccs,750.0,468.0,5,fwd,jc - medium,4595,1850,1660,suv,https://ev-database.org/car/1302/Nissan-Ariya-87kWh
nissan,ariya e-4orce 87kwh - 225 kw,200,87.0,lithium-ion,487,600.0,190,405,5.7,110.0,ccs,1500.0,415.0,5,awd,jc - medium,4595,1850,1660,suv,https://ev-database.org/car/1304/Nissan-Ariya-e-4ORCE-87kWh---225-kW
nissan,ariya e-4orce 87kwh - 320 kw nismo,200,87.0,lithium-ion,487,600.0,209,385,5.0,110.0,ccs,1054.5942350332593,415.0,5,awd,jc - medium,4655,1850,1660,suv,https://ev-database.org/car/3074/Nissan-Ariya-e-4ORCE-87kWh---320-kW-Nismo
nissan,townstar ev passenger,132,45.0,lithium-ion,487,245.0,158,225,12.6,50.0,ccs,1500.0,819.0,5,fwd,n - passenger van,4488,1860,1838,small passenger van,https://ev-database.org/car/2042/Nissan-Townstar-EV-Passenger
nissan,townstar ev passenger l2,130,45.0,lithium-ion,487,245.0,173,220,13.3,50.0,ccs,1500.0,819.0,7,fwd,n - passenger van,4911,1860,1815,small passenger van,https://ev-database.org/car/3084/Nissan-Townstar-EV-Passenger-L2
omoda,e5,172,61.0,lithium-ion,487,340.0,152,345,7.6,60.0,ccs,1054.5942350332593,380.0,5,fwd,jc - medium,4424,1830,1588,suv,https://ev-database.org/car/3046/Omoda-E5
opel,astra electric,170,50.8,lithium-ion,102,270.0,128,320,9.2,85.0,ccs,0.0,352.0,5,fwd,c - medium,4374,1860,1470,hatchback,https://ev-database.org/car/1792/Opel-Astra-Electric
opel,astra sports tourer electric,170,50.8,lithium-ion,102,270.0,123,310,9.3,85.0,ccs,0.0,516.0,5,fwd,c - medium,4642,1860,1480,station/estate,https://ev-database.org/car/1793/Opel-Astra-Sports-Tourer-Electric
opel,combo-e life 50 kwh,135,50.0,lithium-ion,487,260.0,149,235,11.3,80.0,ccs,750.0,775.0,5,fwd,n - passenger van,4410,1921,1812,small passenger van,https://ev-database.org/car/2161/Opel-Combo-e-Life-50-kWh
opel,combo-e life xl 50 kwh,135,50.0,lithium-ion,487,260.0,149,230,11.3,80.0,ccs,750.0,1050.0,7,fwd,n - passenger van,4760,1921,1818,small passenger van,https://ev-database.org/car/2162/Opel-Combo-e-Life-XL-50-kWh
opel,corsa electric 50 kwh,150,46.3,lithium-ion,216,260.0,131,290,8.7,78.0,ccs,0.0,267.0,5,fwd,b - compact,4061,1765,1435,hatchback,https://ev-database.org/car/1941/Opel-Corsa-Electric-50-kWh
opel,corsa electric 51 kwh,150,48.1,lithium-ion,96,260.0,120,315,8.1,80.0,ccs,0.0,267.0,5,fwd,b - compact,4061,1765,1435,hatchback,https://ev-database.org/car/1942/Opel-Corsa-Electric-51-kWh
opel,frontera 44 kwh,140,44.0,lithium-ion,487,120.0,144,245,12.1,60.0,ccs,350.0,460.0,5,fwd,jb - compact,4385,1795,1635,suv,https://ev-database.org/car/2238/Opel-Frontera-44-kWh
opel,grandland 73 kwh,170,73.0,lithium-ion,96,260.0,145,365,9.0,90.0,ccs,1200.0,550.0,5,fwd,jc - medium,4650,1934,1665,suv,https://ev-database.org/car/3037/Opel-Grandland-73-kWh
opel,grandland 82 kwh,170,82.2,lithium-ion,487,260.0,146,410,9.0,100.0,ccs,1200.0,550.0,5,fwd,jc - medium,4650,1934,1665,suv,https://ev-database.org/car/3038/Opel-Grandland-82-kWh
opel,mokka electric,150,50.8,lithium-ion,102,260.0,126,285,9.0,85.0,ccs,0.0,310.0,5,fwd,jb - compact,4151,1790,1534,suv,https://ev-database.org/car/3051/Opel-Mokka-Electric
opel,zafira-e life l2 50 kwh,130,46.3,lithium-ion,216,270.0,217,180,13.3,78.0,ccs,1000.0,603.0,9,fwd,n - passenger van,4983,1920,1890,small passenger van,https://ev-database.org/car/2260/Opel-Zafira-e-Life-L2-50-kWh
opel,zafira-e life l2 75 kwh,130,68.0,lithium-ion,324,270.0,202,260,14.2,79.0,ccs,1000.0,603.0,9,fwd,n - passenger van,4983,1920,1890,small passenger van,https://ev-database.org/car/2262/Opel-Zafira-e-Life-L2-75-kWh
opel,zafira-e life l3 50 kwh,130,46.3,lithium-ion,216,270.0,219,180,13.3,78.0,ccs,1000.0,989.0,9,fwd,n - passenger van,5333,1920,1890,small passenger van,https://ev-database.org/car/2261/Opel-Zafira-e-Life-L3-50-kWh
opel,zafira-e life l3 75 kwh,130,68.0,lithium-ion,324,260.0,204,260,14.2,79.0,ccs,1000.0,989.0,9,fwd,n - passenger van,5333,1920,1890,small passenger van,https://ev-database.org/car/2263/Opel-Zafira-e-Life-L3-75-kWh
peugeot,e-2008 50 kwh,150,46.3,lithium-ion,216,260.0,136,270,9.9,78.0,ccs,0.0,434.0,5,fwd,jb - compact,4304,1775,1523,suv,https://ev-database.org/car/1946/Peugeot-e-2008-50-kWh
peugeot,e-2008 54 kwh,150,50.8,lithium-ion,102,260.0,125,300,9.1,85.0,ccs,0.0,434.0,5,fwd,jb - compact,4304,1775,1523,suv,https://ev-database.org/car/1947/Peugeot-e-2008-54-kWh
peugeot,e-208 50 kwh,150,46.3,lithium-ion,216,260.0,132,290,9.0,78.0,ccs,0.0,265.0,5,fwd,b - compact,4055,1765,1430,hatchback,https://ev-database.org/car/1948/Peugeot-e-208-50-kWh
peugeot,e-208 51 kwh,150,48.1,lithium-ion,96,260.0,120,310,8.2,80.0,ccs,0.0,265.0,5,fwd,b - compact,4055,1765,1430,hatchback,https://ev-database.org/car/1949/Peugeot-e-208-51-kWh
peugeot,e-3008 73 kwh,170,73.0,lithium-ion,96,345.0,143,380,8.8,90.0,ccs,1250.0,588.0,5,fwd,jc - medium,4542,1895,1641,suv,https://ev-database.org/car/2003/Peugeot-e-3008-73-kWh
peugeot,e-3008 73 kwh dual motor,170,73.0,lithium-ion,96,511.0,195,375,6.4,90.0,ccs,1054.5942350332593,588.0,5,awd,jc - medium,4542,1895,1641,suv,https://ev-database.org/car/2004/Peugeot-e-3008-73-kWh-Dual-Motor
peugeot,e-3008 97 kwh long range,170,96.9,lithium-ion,487,345.0,145,500,8.7,135.0,ccs,1200.0,588.0,5,fwd,jc - medium,4542,1895,1641,suv,https://ev-database.org/car/2005/Peugeot-e-3008-97-kWh-Long-Range
peugeot,e-308,170,50.8,lithium-ion,102,260.0,124,300,9.8,80.0,ccs,0.0,412.0,5,fwd,c - medium,4367,1852,1441,hatchback,https://ev-database.org/car/1744/Peugeot-e-308
peugeot,e-308 sw,150,50.8,lithium-ion,102,260.0,127,300,10.0,80.0,ccs,1054.5942350332593,608.0,5,fwd,c - medium,4636,1852,1442,station/estate,https://ev-database.org/car/1745/Peugeot-e-308-SW
peugeot,e-408 58 kwh,160,58.3,lithium-ion,487,345.0,129,375,7.2,70.0,ccs,1054.5942350332593,471.0,5,fwd,jd - large,4687,1859,1478,suv,https://ev-database.org/car/3066/Peugeot-e-408-58-kWh
peugeot,e-5008 73 kwh,170,73.0,lithium-ion,96,345.0,150,370,9.7,90.0,ccs,1000.0,348.0,7,fwd,jd - large,4791,1895,1694,suv,https://ev-database.org/car/2149/Peugeot-e-5008-73-kWh
peugeot,e-5008 73 kwh dual motor,170,73.0,lithium-ion,96,511.0,203,360,7.0,90.0,ccs,1054.5942350332593,348.0,7,awd,jd - large,4791,1895,1694,suv,https://ev-database.org/car/2150/Peugeot-e-5008-73-kWh-Dual-Motor
peugeot,e-5008 97 kwh long range,170,96.9,lithium-ion,487,345.0,152,485,9.6,135.0,ccs,1000.0,348.0,7,fwd,jd - large,4791,1895,1694,suv,https://ev-database.org/car/2151/Peugeot-e-5008-97-kWh-Long-Range
peugeot,e-rifter m 50 kwh,132,50.0,lithium-ion,487,270.0,152,235,11.7,80.0,ccs,750.0,775.0,5,fwd,n - passenger van,4403,1921,1818,small passenger van,https://ev-database.org/car/2163/Peugeot-e-Rifter-M-50-kWh
peugeot,e-rifter xl 50 kwh,132,50.0,lithium-ion,487,270.0,153,230,11.7,80.0,ccs,750.0,1050.0,7,fwd,n - passenger van,4755,1921,1837,small passenger van,https://ev-database.org/car/2164/Peugeot-e-Rifter-XL-50-kWh
peugeot,e-traveller l2 50 kwh,130,46.3,lithium-ion,216,270.0,217,180,13.3,78.0,ccs,1000.0,603.0,9,fwd,n - passenger van,4983,1920,1890,small passenger van,https://ev-database.org/car/2256/Peugeot-e-Traveller-L2-50-kWh
peugeot,e-traveller l2 75 kwh,130,68.0,lithium-ion,324,270.0,202,260,14.2,79.0,ccs,1000.0,603.0,9,fwd,n - passenger van,4983,1920,1890,small passenger van,https://ev-database.org/car/2258/Peugeot-e-Traveller-L2-75-kWh
peugeot,e-traveller l3 50 kwh,130,46.3,lithium-ion,216,270.0,219,180,13.3,78.0,ccs,1000.0,989.0,9,fwd,n - passenger van,5333,1920,1890,small passenger van,https://ev-database.org/car/2257/Peugeot-e-Traveller-L3-50-kWh
peugeot,e-traveller l3 75 kwh,130,68.0,lithium-ion,324,270.0,204,260,14.2,79.0,ccs,1000.0,989.0,9,fwd,n - passenger van,5333,1920,1890,small passenger van,https://ev-database.org/car/2259/Peugeot-e-Traveller-L3-75-kWh
polestar,2 long range dual motor (my26),205,79.0,lithium-ion,324,740.0,142,455,4.5,125.0,ccs,1500.0,407.0,5,awd,d - large,4606,1859,1479,liftback sedan,https://ev-database.org/car/3152/Polestar-2-Long-Range-Dual-Motor
polestar,2 long range performance (my26),205,79.0,lithium-ion,324,740.0,142,450,4.2,125.0,ccs,1500.0,407.0,5,awd,d - large,4606,1859,1473,liftback sedan,https://ev-database.org/car/3153/Polestar-2-Long-Range-Performance
polestar,2 long range single motor (my26),205,79.0,lithium-ion,324,490.0,130,475,6.2,125.0,ccs,1500.0,407.0,5,rwd,d - large,4606,1859,1479,liftback sedan,https://ev-database.org/car/3151/Polestar-2-Long-Range-Single-Motor
polestar,2 standard range single motor (my26),205,67.0,lithium-ion,487,490.0,129,405,6.4,110.0,ccs,1500.0,407.0,5,rwd,d - large,4606,1859,1479,liftback sedan,https://ev-database.org/car/3150/Polestar-2-Standard-Range-Single-Motor
polestar,3 long range dual motor,210,107.0,lithium-ion,204,840.0,183,515,5.0,150.0,ccs,2200.0,484.0,5,awd,je - executive,4900,1968,1614,suv,https://ev-database.org/car/1758/Polestar-3-Long-Range-Dual-motor
polestar,3 long range performance,210,107.0,lithium-ion,204,910.0,194,495,4.7,150.0,ccs,2200.0,484.0,5,awd,je - executive,4900,1968,1614,suv,https://ev-database.org/car/1759/Polestar-3-Long-Range-Performance
polestar,3 long range single motor,180,107.0,lithium-ion,204,490.0,166,530,7.8,150.0,ccs,1500.0,484.0,5,rwd,je - executive,4900,1968,1614,suv,https://ev-database.org/car/2229/Polestar-3-Long-Range-Single-motor
polestar,4 long range dual motor,200,94.0,lithium-ion,110,686.0,165,485,3.8,135.0,ccs,2000.0,526.0,5,awd,e - executive,4839,2008,1544,liftback sedan,https://ev-database.org/car/1842/Polestar-4-Long-Range-Dual-Motor
polestar,4 long range single motor,180,94.0,lithium-ion,110,343.0,157,495,7.4,135.0,ccs,1500.0,526.0,5,rwd,e - executive,4839,2008,1544,liftback sedan,https://ev-database.org/car/1841/Polestar-4-Long-Range-Single-Motor
porsche,macan 4 electric,220,95.0,lithium-ion,180,650.0,184,470,5.2,200.0,ccs,2000.0,540.0,5,awd,jd - large,4784,1938,1622,suv,https://ev-database.org/car/2084/Porsche-Macan-4-Electric
porsche,macan 4s electric,240,95.0,lithium-ion,180,820.0,186,470,4.1,200.0,ccs,2000.0,540.0,5,awd,jd - large,4784,1938,1622,suv,https://ev-database.org/car/2244/Porsche-Macan-4S-Electric
porsche,macan electric,220,95.0,lithium-ion,180,563.0,177,495,5.7,200.0,ccs,2000.0,540.0,5,rwd,jd - large,4784,1938,1623,suv,https://ev-database.org/car/2083/Porsche-Macan-Electric
porsche,macan turbo electric,260,95.0,lithium-ion,180,1001.0,183,460,3.3,200.0,ccs,2000.0,480.0,5,awd,jd - large,4784,1938,1621,suv,https://ev-database.org/car/2085/Porsche-Macan-Turbo-Electric
porsche,taycan,230,82.3,lithium-ion,487,410.0,164,495,4.8,195.0,ccs,0.0,407.0,5,rwd,f - luxury,4963,1966,1379,sedan,https://ev-database.org/car/2098/Porsche-Taycan
porsche,taycan 4,230,82.3,lithium-ion,487,585.0,172,490,4.6,195.0,ccs,0.0,407.0,5,awd,f - luxury,4963,1966,1379,sedan,https://ev-database.org/car/3060/Porsche-Taycan-4
porsche,taycan 4 cross turismo,220,97.0,lithium-ion,396,610.0,188,510,4.7,281.0,ccs,0.0,446.0,5,awd,f - luxury,4974,1967,1409,station/estate,https://ev-database.org/car/2110/Porsche-Taycan-4-Cross-Turismo
porsche,taycan 4 plus,230,97.0,lithium-ion,396,610.0,175,565,4.6,281.0,ccs,0.0,407.0,5,awd,f - luxury,4963,1966,1379,sedan,https://ev-database.org/car/3061/Porsche-Taycan-4-Plus
porsche,taycan 4s,250,82.3,lithium-ion,487,695.0,174,490,3.7,195.0,ccs,0.0,407.0,5,awd,f - luxury,4963,1966,1379,sedan,https://ev-database.org/car/2100/Porsche-Taycan-4S
porsche,taycan 4s cross turismo,240,97.0,lithium-ion,396,710.0,188,510,3.8,281.0,ccs,0.0,446.0,5,awd,f - luxury,4974,1967,1409,station/estate,https://ev-database.org/car/2111/Porsche-Taycan-4S-Cross-Turismo
porsche,taycan 4s plus,250,97.0,lithium-ion,396,710.0,177,565,3.7,281.0,ccs,0.0,407.0,5,awd,f - luxury,4963,1966,1379,sedan,https://ev-database.org/car/2101/Porsche-Taycan-4S-Plus
porsche,taycan 4s plus sport turismo,250,97.0,lithium-ion,396,710.0,186,510,3.7,281.0,ccs,0.0,446.0,5,awd,f - luxury,4963,1966,1390,station/estate,https://ev-database.org/car/2107/Porsche-Taycan-4S-Plus-Sport-Turismo
porsche,taycan 4s sport turismo,250,82.3,lithium-ion,487,695.0,183,440,3.7,195.0,ccs,0.0,446.0,5,awd,f - luxury,4963,1966,1390,station/estate,https://ev-database.org/car/2106/Porsche-Taycan-4S-Sport-Turismo
porsche,taycan gts,250,97.0,lithium-ion,396,790.0,176,535,3.3,281.0,ccs,0.0,366.0,5,awd,f - luxury,4963,1966,1381,sedan,https://ev-database.org/car/3062/Porsche-Taycan-GTS
porsche,taycan gts sport turismo,250,97.0,lithium-ion,396,790.0,185,505,3.3,281.0,ccs,0.0,405.0,5,awd,f - luxury,4963,1966,1392,station/estate,https://ev-database.org/car/3063/Porsche-Taycan-GTS-Sport-Turismo
porsche,taycan plus,230,97.0,lithium-ion,396,420.0,168,575,4.8,281.0,ccs,0.0,407.0,5,rwd,f - luxury,4963,1966,1379,sedan,https://ev-database.org/car/2099/Porsche-Taycan-Plus
porsche,taycan plus sport turismo,230,97.0,lithium-ion,396,420.0,176,530,4.8,281.0,ccs,0.0,446.0,5,rwd,f - luxury,4963,1966,1390,station/estate,https://ev-database.org/car/2105/Porsche-Taycan-Plus-Sport-Turismo
porsche,taycan sport turismo,230,82.3,lithium-ion,487,410.0,173,460,4.8,195.0,ccs,0.0,446.0,5,rwd,f - luxury,4963,1966,1390,station/estate,https://ev-database.org/car/2104/Porsche-Taycan-Sport-Turismo
porsche,taycan turbo,260,97.0,lithium-ion,396,940.0,174,535,2.7,281.0,ccs,0.0,366.0,5,awd,f - luxury,4963,1966,1379,sedan,https://ev-database.org/car/2102/Porsche-Taycan-Turbo
porsche,taycan turbo cross turismo,250,97.0,lithium-ion,396,940.0,188,495,2.8,281.0,ccs,0.0,405.0,5,awd,f - luxury,4974,1967,1412,station/estate,https://ev-database.org/car/2112/Porsche-Taycan-Turbo-Cross-Turismo
porsche,taycan turbo gt,290,97.0,lithium-ion,396,1340.0,184,475,2.3,281.0,ccs,0.0,326.0,5,awd,f - luxury,4968,1966,1378,sedan,https://ev-database.org/car/2144/Porsche-Taycan-Turbo-GT
porsche,taycan turbo gt weissach,305,97.0,lithium-ion,396,1340.0,180,475,2.2,281.0,ccs,0.0,367.0,2,awd,f - luxury,4968,1966,1378,sedan,https://ev-database.org/car/2145/Porsche-Taycan-Turbo-GT-Weissach
porsche,taycan turbo s,260,97.0,lithium-ion,396,1110.0,174,525,2.4,281.0,ccs,0.0,366.0,5,awd,f - luxury,4963,1966,1378,sedan,https://ev-database.org/car/2103/Porsche-Taycan-Turbo-S
porsche,taycan turbo s cross turismo,250,97.0,lithium-ion,396,1110.0,188,485,2.5,281.0,ccs,0.0,405.0,5,awd,f - luxury,4974,1967,1407,station/estate,https://ev-database.org/car/2113/Porsche-Taycan-Turbo-S-Cross-Turismo
porsche,taycan turbo s sport turismo,260,97.0,lithium-ion,396,1110.0,183,505,2.4,281.0,ccs,0.0,405.0,5,awd,f - luxury,4963,1966,1388,station/estate,https://ev-database.org/car/2109/Porsche-Taycan-Turbo-S-Sport-Turismo
porsche,taycan turbo sport turismo,260,97.0,lithium-ion,396,940.0,184,505,2.7,281.0,ccs,0.0,405.0,5,awd,f - luxury,4963,1966,1392,station/estate,https://ev-database.org/car/2108/Porsche-Taycan-Turbo-Sport-Turismo
renault,4 e-tech 40kwh 120hp,150,40.0,lithium-ion,93,225.0,124,245,9.2,55.0,ccs,750.0,420.0,5,fwd,jb - compact,4143,1796,1552,suv,https://ev-database.org/car/3126/Renault-4-E-Tech-40kWh-120hp
renault,4 e-tech 52kwh 150hp,150,52.0,lithium-ion,184,245.0,127,315,8.2,70.0,ccs,750.0,420.0,5,fwd,jb - compact,4143,1796,1552,suv,https://ev-database.org/car/3127/Renault-4-E-Tech-52kWh-150hp
renault,5 e-tech 40kwh 120hp,150,40.0,lithium-ion,93,225.0,132,250,9.0,55.0,ccs,500.0,326.0,5,fwd,b - compact,3922,1808,1489,hatchback,https://ev-database.org/car/2134/Renault-5-E-Tech-40kWh-120hp
renault,5 e-tech 40kwh 95hp,130,40.0,lithium-ion,93,215.0,129,255,12.0,125.1344537815126,ccs,500.0,326.0,5,fwd,b - compact,3922,1808,1489,hatchback,https://ev-database.org/car/2133/Renault-5-E-Tech-40kWh-95hp
renault,5 e-tech 52kwh 150hp,150,52.0,lithium-ion,184,245.0,129,320,8.0,70.0,ccs,500.0,326.0,5,fwd,b - compact,3922,1808,1489,hatchback,https://ev-database.org/car/2135/Renault-5-E-Tech-52kWh-150hp
renault,kangoo e-tech electric,135,45.0,lithium-ion,487,245.0,158,225,12.6,50.0,ccs,1500.0,950.0,5,fwd,n - passenger van,4486,1860,1838,small passenger van,https://ev-database.org/car/1802/Renault-Kangoo-E-Tech-Electric
renault,kangoo grand e-tech electric,130,45.0,lithium-ion,487,245.0,170,220,13.3,50.0,ccs,1500.0,500.0,7,fwd,n - passenger van,4911,1860,1815,small passenger van,https://ev-database.org/car/2043/Renault-Kangoo-Grand-E-Tech-Electric
renault,megane e-tech ev60 130hp (tu2025),150,60.0,lithium-ion,288,250.0,125,380,10.5,88.0,ccs,500.0,440.0,5,fwd,c - medium,4200,1860,1505,hatchback,https://ev-database.org/car/3131/Renault-Megane-E-Tech-EV60-130hp
renault,megane e-tech ev60 220hp (tu2025),160,60.0,lithium-ion,288,300.0,133,380,7.4,88.0,ccs,900.0,440.0,5,fwd,c - medium,4200,1860,1505,hatchback,https://ev-database.org/car/3132/Renault-Megane-E-Tech-EV60-220hp
renault,scenic e-tech ev60 170hp,150,60.0,lithium-ion,192,280.0,144,340,8.6,75.0,ccs,1100.0,545.0,5,fwd,jc - medium,4470,1864,1571,suv,https://ev-database.org/car/2068/Renault-Scenic-E-Tech-EV60-170hp
renault,scenic e-tech ev87 220hp,170,87.0,lithium-ion,288,300.0,143,480,7.9,95.0,ccs,1100.0,545.0,5,fwd,jc - medium,4470,1864,1571,suv,https://ev-database.org/car/2069/Renault-Scenic-E-Tech-EV87-220hp
rolls-royce,spectre,250,102.0,lithium-ion,487,900.0,192,465,4.5,126.0,ccs,1054.5942350332593,380.0,4,awd,i - luxury,5453,2080,1559,coupe,https://ev-database.org/car/1765/Rolls-Royce-Spectre
skoda,elroq 50,160,52.0,lithium-ion,192,310.0,149,310,9.0,90.0,ccs,1000.0,470.0,5,rwd,jc - medium,4488,1884,1625,suv,https://ev-database.org/car/3031/Skoda-Elroq-50
skoda,elroq 60,160,59.0,lithium-ion,216,310.0,149,350,8.5,110.0,ccs,1000.0,470.0,5,rwd,jc - medium,4488,1884,1625,suv,https://ev-database.org/car/3032/Skoda-Elroq-60
skoda,elroq 85,180,77.0,lithium-ion,288,545.0,145,450,6.6,120.0,ccs,1000.0,470.0,5,rwd,jc - medium,4488,1884,1625,suv,https://ev-database.org/car/3033/Skoda-Elroq-85
skoda,elroq rs,180,79.0,lithium-ion,288,679.0,151,450,5.4,135.0,ccs,1200.0,470.0,5,awd,jc - medium,4488,1884,1608,suv,https://ev-database.org/car/3183/Skoda-Elroq-RS
skoda,enyaq 60,160,59.0,lithium-ion,216,310.0,145,360,8.1,110.0,ccs,1000.0,585.0,5,rwd,jc - medium,4658,1879,1622,suv,https://ev-database.org/car/3096/Skoda-Enyaq-60
skoda,enyaq 85,180,77.0,lithium-ion,288,545.0,141,455,6.7,120.0,ccs,1000.0,585.0,5,rwd,jc - medium,4658,1879,1622,suv,https://ev-database.org/car/3097/Skoda-Enyaq-85
skoda,enyaq 85x,180,77.0,lithium-ion,288,679.0,150,450,6.7,120.0,ccs,1200.0,585.0,5,awd,jc - medium,4658,1879,1620,suv,https://ev-database.org/car/3098/Skoda-Enyaq-85x
skoda,enyaq coupe 60,160,59.0,lithium-ion,216,310.0,141,370,8.1,110.0,ccs,1000.0,570.0,5,rwd,jc - medium,4658,1879,1623,suv,https://ev-database.org/car/3099/Skoda-Enyaq-Coupe-60
skoda,enyaq coupe 85,180,77.0,lithium-ion,288,545.0,138,470,6.7,120.0,ccs,1000.0,570.0,5,rwd,jc - medium,4658,1879,1623,suv,https://ev-database.org/car/3100/Skoda-Enyaq-Coupe-85
skoda,enyaq coupe 85x,180,77.0,lithium-ion,288,679.0,146,460,6.7,120.0,ccs,1200.0,570.0,5,awd,jc - medium,4658,1879,1621,suv,https://ev-database.org/car/3101/Skoda-Enyaq-Coupe-85x
skoda,enyaq coupe rs,180,79.0,lithium-ion,288,679.0,143,470,5.4,135.0,ccs,1200.0,570.0,5,awd,jc - medium,4660,1879,1608,suv,https://ev-database.org/car/3185/Skoda-Enyaq-Coupe-RS
skoda,enyaq rs,180,79.0,lithium-ion,288,679.0,147,460,5.4,135.0,ccs,1200.0,585.0,5,awd,jc - medium,4660,1879,1607,suv,https://ev-database.org/car/3184/Skoda-Enyaq-RS
skywell,be11 long range,150,81.0,lithium-ion,487,320.0,166,390,9.6,50.0,ccs,1054.5942350332593,467.0,5,fwd,jd - large,4720,1908,1696,suv,https://ev-database.org/car/3065/Skywell-BE11-Long-Range
skywell,be11 standard range,150,68.0,lithium-ion,487,320.0,149,330,9.6,50.0,ccs,1054.5942350332593,467.0,5,fwd,jd - large,4720,1908,1696,suv,https://ev-database.org/car/3064/Skywell-BE11-Standard-Range
smart,#1 brabus,180,62.0,lithium-ion,487,584.0,155,325,3.9,100.0,ccs,1600.0,313.0,5,awd,jb - compact,4300,1822,1636,suv,https://ev-database.org/car/1748/Smart-1-Brabus
smart,#1 premium,180,62.0,lithium-ion,487,343.0,141,335,6.7,100.0,ccs,1600.0,323.0,5,rwd,jb - compact,4270,1822,1636,suv,https://ev-database.org/car/2053/Smart-1-Premium
smart,#1 pro,180,47.0,lithium-ion,487,343.0,152,250,6.7,65.0,ccs,0.0,323.0,5,rwd,jb - compact,4270,1822,1636,suv,https://ev-database.org/car/2041/Smart-1-Pro
smart,#1 pro+,180,62.0,lithium-ion,487,343.0,148,335,6.7,100.0,ccs,1600.0,323.0,5,rwd,jb - compact,4270,1822,1636,suv,https://ev-database.org/car/1667/Smart-1-Proplus
smart,#1 pulse,180,62.0,lithium-ion,487,584.0,155,325,4.5,100.0,ccs,1600.0,313.0,5,awd,jb - compact,4300,1822,1636,suv,https://ev-database.org/car/1920/Smart-1-Pulse
smart,#1 pure,180,47.0,lithium-ion,487,343.0,152,250,6.7,65.0,ccs,0.0,323.0,5,rwd,jb - compact,4270,1822,1636,suv,https://ev-database.org/car/2217/Smart-1-Pure
smart,#1 pure+,180,62.0,lithium-ion,487,343.0,148,335,6.7,100.0,ccs,1600.0,323.0,5,rwd,jb - compact,4270,1822,1636,suv,https://ev-database.org/car/2218/Smart-1-Pureplus
smart,#3 brabus,180,62.0,lithium-ion,487,543.0,149,335,3.7,100.0,ccs,1600.0,370.0,5,awd,jb - compact,4400,1844,1556,suv,https://ev-database.org/car/2000/Smart-3-Brabus
smart,#3 premium,180,62.0,lithium-ion,487,343.0,136,355,5.8,110.0,ccs,1600.0,370.0,5,rwd,jb - compact,4400,1844,1556,suv,https://ev-database.org/car/2054/Smart-3-Premium
smart,#3 pro,180,47.0,lithium-ion,487,343.0,145,265,5.9,65.0,ccs,0.0,370.0,5,rwd,jb - compact,4400,1844,1556,suv,https://ev-database.org/car/2052/Smart-3-Pro
smart,#3 pro+,180,62.0,lithium-ion,487,343.0,143,355,5.8,110.0,ccs,1600.0,370.0,5,rwd,jb - compact,4400,1844,1556,suv,https://ev-database.org/car/1999/Smart-3-Proplus
smart,#5 brabus,210,94.0,lithium-ion,487,710.0,174,450,3.8,230.0,ccs,1600.0,630.0,5,awd,jd - large,4695,1920,1705,suv,https://ev-database.org/car/3179/Smart-5-Brabus
smart,#5 premium,200,94.0,lithium-ion,487,373.0,159,465,6.5,230.0,ccs,1600.0,630.0,5,rwd,jd - large,4695,1920,1705,suv,https://ev-database.org/car/3143/Smart-5-Premium
smart,#5 pro,200,74.4,lithium-ion,487,373.0,160,370,6.9,110.0,ccs,1600.0,630.0,5,rwd,jd - large,4695,1920,1705,suv,https://ev-database.org/car/3141/Smart-5-Pro
smart,#5 pro+,200,94.0,lithium-ion,487,373.0,159,465,6.5,230.0,ccs,1600.0,630.0,5,rwd,jd - large,4695,1920,1705,suv,https://ev-database.org/car/3142/Smart-5-Proplus
smart,#5 pulse,200,94.0,lithium-ion,487,643.0,174,455,4.9,230.0,ccs,1600.0,630.0,5,awd,jd - large,4695,1920,1705,suv,https://ev-database.org/car/3144/Smart-5-Pulse
smart,#5 summit edition,200,94.0,lithium-ion,487,643.0,174,455,4.9,230.0,ccs,1600.0,630.0,5,awd,jd - large,4695,1920,1705,suv,https://ev-database.org/car/3145/Smart-5-Summit-Edition
subaru,solterra awd,160,64.0,lithium-ion,96,336.0,154,320,6.9,100.0,ccs,750.0,441.0,5,awd,jc - medium,4690,1860,1650,suv,https://ev-database.org/car/1567/Subaru-Solterra-AWD
tesla,model 3 long range awd (highland),201,75.0,lithium-ion,4416,493.0,119,525,4.4,124.0,ccs,1000.0,594.0,5,awd,d - large,4720,1849,1441,sedan,https://ev-database.org/car/1992/Tesla-Model-3-Long-Range-AWD
tesla,model 3 long range rwd (highland),201,75.0,lithium-ion,4416,450.0,117,545,5.2,124.0,ccs,1000.0,594.0,5,rwd,d - large,4720,1849,1441,sedan,https://ev-database.org/car/3034/Tesla-Model-3-Long-Range-RWD
tesla,model 3 performance (highland),262,75.0,lithium-ion,4416,741.0,142,490,3.2,124.0,ccs,0.0,594.0,5,awd,d - large,4720,1849,1431,sedan,https://ev-database.org/car/2188/Tesla-Model-3-Performance
tesla,model 3 rwd (highland catl lfp64),201,60.5,lithium-ion,487,420.0,116,445,6.1,110.0,ccs,1000.0,594.0,5,rwd,d - large,4720,1849,1441,sedan,https://ev-database.org/car/3186/Tesla-Model-3-RWD
tesla,model s dual motor,250,95.0,lithium-ion,7920,498.6468085106383,150,575,3.2,140.0,ccs,1600.0,709.0,5,awd,f - luxury,5021,1987,1431,liftback sedan,https://ev-database.org/car/1404/Tesla-Model-S-Dual-Motor
tesla,model s plaid,282,95.0,lithium-ion,7920,498.6468085106383,158,560,2.3,140.0,ccs,1600.0,709.0,5,awd,f - luxury,5021,1987,1431,liftback sedan,https://ev-database.org/car/1405/Tesla-Model-S-Plaid
tesla,model x dual motor,250,95.0,lithium-ion,7920,498.6468085106383,165,485,3.9,140.0,ccs,2250.0,425.0,7,awd,jf - luxury,5057,1999,1680,suv,https://ev-database.org/car/1407/Tesla-Model-X-Dual-Motor
tesla,model x plaid,262,95.0,lithium-ion,7920,498.6468085106383,180,465,2.7,140.0,ccs,2250.0,425.0,7,awd,jf - luxury,5057,1999,1680,suv,https://ev-database.org/car/1408/Tesla-Model-X-Plaid
tesla,model y long range awd (juniper),201,75.0,lithium-ion,4416,493.0,132,455,4.8,124.0,ccs,1600.0,854.0,5,awd,jd - large,4790,1982,1624,suv,https://ev-database.org/car/3104/Tesla-Model-Y-Long-Range-AWD
tesla,model y long range rwd (juniper),201,75.0,lithium-ion,4416,450.0,121,470,5.6,124.0,ccs,1600.0,854.0,5,rwd,jd - large,4790,1982,1624,suv,https://ev-database.org/car/3120/Tesla-Model-Y-Long-Range-RWD
tesla,model y rwd (juniper),201,60.5,lithium-ion,487,420.0,121,375,5.9,110.0,ccs,1600.0,854.0,5,rwd,jd - large,4790,1982,1624,suv,https://ev-database.org/car/3103/Tesla-Model-Y-RWD
toyota,proace verso l 75 kwh,130,68.0,lithium-ion,324,260.0,204,260,13.3,79.0,ccs,1000.0,989.0,9,fwd,n - passenger van,5333,1920,1890,small passenger van,https://ev-database.org/car/2267/Toyota-PROACE-Verso-L-75-kWh
toyota,proace verso m 50 kwh,130,46.3,lithium-ion,216,260.0,217,180,12.1,78.0,ccs,1000.0,603.0,9,fwd,n - passenger van,4983,1920,1890,small passenger van,https://ev-database.org/car/2264/Toyota-PROACE-Verso-M-50-kWh
toyota,proace verso m 75 kwh,130,68.0,lithium-ion,324,260.0,202,260,13.3,79.0,ccs,1000.0,603.0,9,fwd,n - passenger van,4983,1920,1890,small passenger van,https://ev-database.org/car/2266/Toyota-PROACE-Verso-M-75-kWh
toyota,proace city verso electric l1 50 kwh,132,50.0,lithium-ion,487,260.0,149,235,11.7,80.0,ccs,750.0,775.0,5,fwd,n - passenger van,4403,1921,1803,small passenger van,https://ev-database.org/car/2165/Toyota-Proace-City-Verso-Electric-L1-50-kWh
toyota,proace city verso electric l2 50 kwh,132,50.0,lithium-ion,487,260.0,149,230,11.7,80.0,ccs,750.0,1050.0,7,fwd,n - passenger van,4753,1921,1814,small passenger van,https://ev-database.org/car/2166/Toyota-Proace-City-Verso-Electric-L2-50-kWh
toyota,bz4x awd,160,64.0,lithium-ion,96,336.0,154,345,6.9,100.0,ccs,750.0,452.0,5,awd,jc - medium,4690,1860,1600,suv,https://ev-database.org/car/1565/Toyota-bZ4X-AWD
toyota,bz4x fwd,160,64.0,lithium-ion,96,265.0,145,350,7.5,100.0,ccs,750.0,452.0,5,fwd,jc - medium,4690,1860,1600,suv,https://ev-database.org/car/1564/Toyota-bZ4X-FWD
vinfast,vf 8 eco extended range,200,87.7,lithium-ion,487,500.0,186,405,5.9,120.0,ccs,1800.0,376.0,5,awd,jd - large,4750,1934,1667,suv,https://ev-database.org/car/1807/VinFast-VF-8-Eco-Extended-Range
vinfast,vf 8 plus extended range,200,87.7,lithium-ion,487,620.0,196,400,5.5,120.0,ccs,1800.0,376.0,5,awd,jd - large,4750,1934,1667,suv,https://ev-database.org/car/1809/VinFast-VF-8-Plus-Extended-Range
volkswagen,id. buzz lwb gtx,160,86.0,lithium-ion,312,560.0,182,350,6.5,145.0,ccs,1600.0,1340.0,7,awd,n - passenger van,4960,1985,1927,small passenger van,https://ev-database.org/car/2157/Volkswagen-ID-Buzz-LWB-GTX-
volkswagen,id. buzz lwb pro,160,86.0,lithium-ion,312,560.0,190,370,7.9,145.0,ccs,1000.0,1340.0,7,rwd,n - passenger van,4962,1985,1924,small passenger van,https://ev-database.org/car/2154/Volkswagen-ID-Buzz-LWB-Pro
volkswagen,id. buzz nwb gtx,160,79.0,lithium-ion,288,560.0,194,330,6.5,135.0,ccs,1800.0,1121.0,6,awd,n - passenger van,4712,1985,1925,small passenger van,https://ev-database.org/car/2156/Volkswagen-ID-Buzz-NWB-GTX
volkswagen,id. buzz nwb pro,160,79.0,lithium-ion,288,560.0,187,360,7.6,135.0,ccs,1200.0,1121.0,6,rwd,n - passenger van,4712,1985,1927,small passenger van,https://ev-database.org/car/2232/Volkswagen-ID-Buzz-NWB-Pro
volkswagen,id. buzz nwb pure,145,59.0,lithium-ion,216,310.0,178,275,10.7,110.0,ccs,1000.0,1121.0,6,rwd,n - passenger van,4712,1985,1927,small passenger van,https://ev-database.org/car/3119/Volkswagen-ID-Buzz-NWB-Pure
volkswagen,id.3 gtx,180,79.0,lithium-ion,288,545.0,131,470,5.9,135.0,ccs,0.0,385.0,5,rwd,c - medium,4322,1809,1538,hatchback,https://ev-database.org/car/2152/Volkswagen-ID3-GTX
volkswagen,id.3 gtx performance,200,79.0,lithium-ion,288,545.0,131,465,5.6,135.0,ccs,0.0,385.0,5,rwd,c - medium,4322,1809,1538,hatchback,https://ev-database.org/car/2153/Volkswagen-ID3-GTX-Performance
volkswagen,id.3 pro,160,59.0,lithium-ion,216,310.0,136,365,7.6,110.0,ccs,0.0,385.0,5,rwd,c - medium,4264,1809,1564,hatchback,https://ev-database.org/car/2213/Volkswagen-ID3-Pro
volkswagen,id.3 pro s,160,77.0,lithium-ion,288,310.0,138,465,7.1,120.0,ccs,0.0,385.0,5,rwd,c - medium,4264,1809,1564,hatchback,https://ev-database.org/car/2210/Volkswagen-ID3-Pro-S
volkswagen,id.3 pure,160,52.0,lithium-ion,192,310.0,134,325,8.2,90.0,ccs,0.0,385.0,5,rwd,c - medium,4264,1809,1564,hatchback,https://ev-database.org/car/2214/Volkswagen-ID3-Pure
volkswagen,id.4 gtx,180,77.0,lithium-ion,288,679.0,152,420,5.4,120.0,ccs,1200.0,543.0,5,awd,jc - medium,4584,1852,1631,suv,https://ev-database.org/car/2030/Volkswagen-ID4-GTX
volkswagen,id.4 pro,180,77.0,lithium-ion,288,545.0,149,445,6.7,120.0,ccs,1000.0,543.0,5,rwd,jc - medium,4584,1852,1631,suv,https://ev-database.org/car/2028/Volkswagen-ID4-Pro
volkswagen,id.4 pro 4motion,180,77.0,lithium-ion,288,679.0,155,435,6.6,120.0,ccs,1200.0,543.0,5,awd,jc - medium,4584,1852,1631,suv,https://ev-database.org/car/2029/Volkswagen-ID4-Pro-4MOTION
volkswagen,id.4 pure,160,52.0,lithium-ion,192,310.0,143,285,9.0,87.0,ccs,1000.0,543.0,5,rwd,jc - medium,4584,1852,1640,suv,https://ev-database.org/car/2027/Volkswagen-ID4-Pure
volkswagen,id.5 gtx,180,77.0,lithium-ion,288,679.0,144,430,5.5,120.0,ccs,1200.0,549.0,5,awd,jc - medium,4599,1852,1615,suv,https://ev-database.org/car/2033/Volkswagen-ID5-GTX
volkswagen,id.5 pro,180,77.0,lithium-ion,288,545.0,138,460,6.7,120.0,ccs,1000.0,549.0,5,rwd,jc - medium,4599,1852,1615,suv,https://ev-database.org/car/2031/Volkswagen-ID5-Pro
volkswagen,id.5 pure,160,52.0,lithium-ion,288,310.0,142,320,8.9,87.0,ccs,1000.0,549.0,5,rwd,jc - medium,4599,1852,1615,suv,https://ev-database.org/car/3080/Volkswagen-ID5-Pure
volkswagen,id.7 gtx,180,86.0,lithium-ion,312,560.0,145,500,5.4,145.0,ccs,1200.0,532.0,5,awd,e - executive,4961,1862,1536,liftback sedan,https://ev-database.org/car/2216/Volkswagen-ID7-GTX
volkswagen,id.7 pro,180,77.0,lithium-ion,288,550.0,132,475,6.5,125.0,ccs,1000.0,532.0,5,rwd,e - executive,4961,1862,1536,liftback sedan,https://ev-database.org/car/1839/Volkswagen-ID7-Pro
volkswagen,id.7 pro s,180,86.0,lithium-ion,312,550.0,133,525,6.6,145.0,ccs,1000.0,532.0,5,rwd,e - executive,4961,1862,1536,liftback sedan,https://ev-database.org/car/1840/Volkswagen-ID7-Pro-S
volkswagen,id.7 tourer gtx,180,86.0,lithium-ion,312,560.0,147,500,5.5,145.0,ccs,1200.0,605.0,5,awd,e - executive,4961,1862,1536,station/estate,https://ev-database.org/car/2158/Volkswagen-ID7-Tourer-GTX
volkswagen,id.7 tourer pro,180,77.0,lithium-ion,288,550.0,146,470,6.6,125.0,ccs,1000.0,605.0,5,rwd,e - executive,4961,1862,1536,station/estate,https://ev-database.org/car/2118/Volkswagen-ID7-Tourer-Pro
volkswagen,id.7 tourer pro s,180,86.0,lithium-ion,312,550.0,125,520,6.7,145.0,ccs,1000.0,605.0,5,rwd,e - executive,4961,1862,1536,station/estate,https://ev-database.org/car/2119/Volkswagen-ID7-Tourer-Pro-S
volvo,ec40 single motor (my26),180,67.0,lithium-ion,487,420.0,151,360,7.3,110.0,ccs,1500.0,404.0,5,rwd,jc - medium,4440,1873,1596,suv,https://ev-database.org/car/3154/Volvo-EC40-Single-Motor
volvo,ec40 single motor er (my26),180,79.0,lithium-ion,324,420.0,146,420,7.3,125.0,ccs,1500.0,404.0,5,rwd,jc - medium,4440,1873,1596,suv,https://ev-database.org/car/3155/Volvo-EC40-Single-Motor-ER
volvo,ec40 twin motor (my26),180,79.0,lithium-ion,324,670.0,155,400,4.8,125.0,ccs,1800.0,404.0,5,awd,jc - medium,4440,1873,1596,suv,https://ev-database.org/car/3156/Volvo-EC40-Twin-Motor
volvo,ec40 twin motor performance (my26),180,79.0,lithium-ion,324,670.0,155,400,4.6,125.0,ccs,1800.0,404.0,5,awd,jc - medium,4440,1873,1596,suv,https://ev-database.org/car/3157/Volvo-EC40-Twin-Motor-Performance
volvo,es90 single motor (my26),180,88.0,lithium-ion,487,480.0,135,485,6.9,190.0,ccs,1600.0,446.0,5,rwd,f - luxury,5000,1942,1546,liftback sedan,https://ev-database.org/car/3128/Volvo-ES90-Single-Motor
volvo,es90 twin motor (my26),180,102.0,lithium-ion,487,670.0,146,530,5.5,225.0,ccs,2000.0,446.0,5,awd,f - luxury,5000,1942,1546,liftback sedan,https://ev-database.org/car/3129/Volvo-ES90-Twin-Motor
volvo,es90 twin motor performance (my26),180,102.0,lithium-ion,487,870.0,146,530,4.0,225.0,ccs,2000.0,446.0,5,awd,f - luxury,5000,1942,1546,liftback sedan,https://ev-database.org/car/3130/Volvo-ES90-Twin-Motor-Performance
volvo,ex30 cross country (my26),180,65.0,lithium-ion,487,543.0,152,330,3.7,114.0,ccs,1600.0,318.0,5,awd,jb - compact,4233,1837,1573,suv,https://ev-database.org/car/3118/Volvo-EX30-Cross-Country
volvo,ex30 single motor (my24-26),180,49.0,lithium-ion,487,343.0,147,275,5.7,80.0,ccs,1000.0,318.0,5,rwd,jb - compact,4233,1837,1549,suv,https://ev-database.org/car/1909/Volvo-EX30-Single-Motor
volvo,ex30 single motor er (my24-26),180,65.0,lithium-ion,487,343.0,138,365,5.3,113.0,ccs,1600.0,318.0,5,rwd,jb - compact,4233,1837,1549,suv,https://ev-database.org/car/1910/Volvo-EX30-Single-Motor-ER
volvo,ex30 twin motor performance (my24-26),180,65.0,lithium-ion,487,543.0,145,340,3.6,113.0,ccs,1600.0,318.0,5,awd,jb - compact,4233,1837,1549,suv,https://ev-database.org/car/1911/Volvo-EX30-Twin-Motor-Performance
volvo,ex40 single motor (my26),180,67.0,lithium-ion,487,420.0,154,345,7.3,110.0,ccs,1500.0,410.0,5,rwd,jc - medium,4440,1863,1652,suv,https://ev-database.org/car/3158/Volvo-EX40-Single-Motor
volvo,ex40 single motor er (my26),180,79.0,lithium-ion,324,420.0,152,400,7.3,125.0,ccs,1500.0,410.0,5,rwd,jc - medium,4440,1863,1652,suv,https://ev-database.org/car/3159/Volvo-EX40-Single-Motor-ER
volvo,ex40 twin motor (my26),180,79.0,lithium-ion,324,670.0,163,385,4.8,125.0,ccs,1800.0,410.0,5,awd,jc - medium,4440,1863,1652,suv,https://ev-database.org/car/3160/Volvo-EX40-Twin-Motor
volvo,ex40 twin motor performance (my26),180,79.0,lithium-ion,324,670.0,163,385,4.6,125.0,ccs,1800.0,410.0,5,awd,jc - medium,4440,1863,1652,suv,https://ev-database.org/car/3161/Volvo-EX40-Twin-Motor-Performance
volvo,ex90 single motor (my24-26),180,100.0,lithium-ion,192,490.0,182,460,8.4,140.0,ccs,1200.0,310.0,7,rwd,jf - luxury,5037,1964,1744,suv,https://ev-database.org/car/1950/Volvo-EX90-Single-Motor
volvo,ex90 twin motor (my24-26),180,107.0,lithium-ion,204,770.0,188,470,5.9,150.0,ccs,2200.0,310.0,7,awd,jf - luxury,5037,1964,1744,suv,https://ev-database.org/car/1775/Volvo-EX90-Twin-Motor
volvo,ex90 twin motor performance (my24-26),180,107.0,lithium-ion,204,910.0,188,455,4.9,150.0,ccs,2200.0,310.0,7,awd,jf - luxury,5037,1964,1744,suv,https://ev-database.org/car/1776/Volvo-EX90-Twin-Motor-Performance
voyah,free 106 kwh,200,100.0,lithium-ion,487,720.0,200,480,4.4,80.0,ccs,2000.0,550.0,5,awd,je - executive,4905,1950,1645,suv,https://ev-database.org/car/2049/Voyah-Free-106-kWh
xpeng,g6 awd performance,200,87.5,lithium-ion,487,660.0,159,475,4.1,180.0,ccs,1500.0,571.0,5,awd,jd - large,4753,1920,1650,suv,https://ev-database.org/car/2183/XPENG-G6-AWD-Performance
xpeng,g6 rwd long range,200,87.5,lithium-ion,487,440.0,154,480,6.7,180.0,ccs,1500.0,571.0,5,rwd,jd - large,4753,1920,1650,suv,https://ev-database.org/car/2182/XPENG-G6-RWD-Long-Range
xpeng,g6 rwd standard range,200,66.0,lithium-ion,487,440.0,152,370,6.9,140.0,ccs,1500.0,571.0,5,rwd,jd - large,4753,1920,1650,suv,https://ev-database.org/car/2181/XPENG-G6-RWD-Standard-Range
xpeng,g9 awd performance,200,93.1,lithium-ion,487,717.0,179,465,3.9,224.0,ccs,1500.0,660.0,5,awd,je - executive,4891,1937,1670,suv,https://ev-database.org/car/1826/XPENG-G9-AWD-Performance
xpeng,g9 rwd long range,200,93.1,lithium-ion,487,430.0,163,480,6.4,224.0,ccs,1500.0,660.0,5,rwd,je - executive,4891,1937,1670,suv,https://ev-database.org/car/1825/XPENG-G9-RWD-Long-Range
xpeng,g9 rwd standard range,200,75.8,lithium-ion,487,430.0,165,395,6.4,170.0,ccs,1500.0,660.0,5,rwd,je - executive,4891,1937,1680,suv,https://ev-database.org/car/1824/XPENG-G9-RWD-Standard-Range
xpeng,p7 awd performance,200,82.7,lithium-ion,487,757.0,164,460,4.1,138.0,ccs,0.0,440.0,5,awd,e - executive,4888,1896,1450,sedan,https://ev-database.org/car/1822/XPENG-P7-AWD-Performance
xpeng,p7 rwd long range,200,82.7,lithium-ion,487,440.0,144,495,6.7,138.0,ccs,0.0,440.0,5,rwd,e - executive,4888,1896,1450,sedan,https://ev-database.org/car/1821/XPENG-P7-RWD-Long-Range
xpeng,p7 wing edition,200,82.7,lithium-ion,487,757.0,164,455,4.1,138.0,ccs,0.0,440.0,5,awd,e - executive,4888,1896,1450,sedan,https://ev-database.org/car/1823/XPENG-P7-Wing-Edition
zeekr,001 long range rwd,200,94.0,lithium-ion,110,343.0,152,505,7.2,135.0,ccs,1500.0,539.0,5,rwd,e - executive,4955,1999,1560,liftback sedan,https://ev-database.org/car/1933/Zeekr-001-Long-Range-RWD
zeekr,001 performance awd,200,94.0,lithium-ion,110,686.0,159,480,3.8,135.0,ccs,2000.0,539.0,5,awd,e - executive,4955,1999,1560,liftback sedan,https://ev-database.org/car/1934/Zeekr-001-Performance-AWD
zeekr,001 privilege awd,200,94.0,lithium-ion,110,686.0,162,480,3.8,135.0,ccs,2000.0,539.0,5,awd,e - executive,4955,1999,1548,liftback sedan,https://ev-database.org/car/1935/Zeekr-001-Privilege-AWD
zeekr,7x long range rwd,210,94.0,lithium-ion,487,440.0,153,475,6.0,260.0,ccs,2000.0,539.0,5,rwd,jd - large,4787,1930,1650,suv,https://ev-database.org/car/3082/Zeekr-7X-Long-Range-RWD
zeekr,7x performance awd,210,94.0,lithium-ion,487,710.0,173,450,3.8,260.0,ccs,2000.0,539.0,5,awd,jd - large,4787,1930,1650,suv,https://ev-database.org/car/3083/Zeekr-7X-Performance-AWD
zeekr,7x premium rwd,210,71.0,lithium-ion,487,440.0,148,365,6.0,240.0,ccs,2000.0,539.0,5,rwd,jd - large,4787,1930,1650,suv,https://ev-database.org/car/3081/Zeekr-7X-Premium-RWD
zeekr,x core rwd (my25),190,49.0,lithium-ion,487,343.0,148,265,5.9,70.0,ccs,1600.0,362.0,5,rwd,jb - compact,4432,1836,1566,suv,https://ev-database.org/car/3197/Zeekr-X-Core-RWD
zeekr,x long range rwd (my25),190,65.0,lithium-ion,487,343.0,146,360,5.6,114.0,ccs,1600.0,362.0,5,rwd,jb - compact,4432,1836,1566,suv,https://ev-database.org/car/3198/Zeekr-X-Long-Range-RWD
zeekr,x privilege awd (my25),190,65.0,lithium-ion,487,543.0,153,350,3.8,114.0,ccs,1600.0,362.0,5,awd,jb - compact,4432,1836,1566,suv,https://ev-database.org/car/3199/Zeekr-X-Privilege-AWD
